id,name,rating,hours,year,desc_preview
9P8JRMWRQP4H,UnknownID_9P8JRMWRQP4H,42.0,,,Опис недоступний / No description.
9PC5942D83RQ,UnknownID_9PC5942D83RQ,0.0,,,Опис недоступний / No description.
9P7Z1D3N8KR7,UnknownID_9P7Z1D3N8KR7,0.0,,,Опис недоступний / No description.
9PB86W3JK8Z5,UnknownID_9PB86W3JK8Z5,82.0,,,Опис недоступний / No description.
BP6V6QZBMFP0,Trials® Rising,40.0,17.61,2019,"🎮 Microsoft StoreExplore over-the-top action and physics-bending motorcycle racing in Trials® Rising, the latest edition of the Trials franchise. All new features, more competitions, and more tracks m"
9NLRT31Z4RWM,UnknownID_9NLRT31Z4RWM,100.0,,,Опис недоступний / No description.
9NM6NMBJ7ZK4,UnknownID_9NM6NMBJ7ZK4,34.0,,,Опис недоступний / No description.
9NDBKK9G0FHL,UnknownID_9NDBKK9G0FHL,0.0,,,Опис недоступний / No description.
9NMCDQ6RCJKH,UnknownID_9NMCDQ6RCJKH,76.0,,,Опис недоступний / No description.
9P9FJCK32PMT,UnknownID_9P9FJCK32PMT,0.0,,,Опис недоступний / No description.
C4VKLMG1HLZW,Unravel Two,94.0,5.11,2018,"🎮 Microsoft StoreWinner - D.I.C.E. Awards Family Game of the Year.

When you cut ties to the past, new bonds form. In Unravel Two, create a Yarny of your very own. Then build relationships with other "
9N79TQTZTQQ4,UnknownID_9N79TQTZTQQ4,76.0,,,Опис недоступний / No description.
9MT5KSV3RCWD,UnknownID_9MT5KSV3RCWD,60.0,,,Опис недоступний / No description.
BNXLPPCVS0HN,UnknownID_BNXLPPCVS0HN,52.0,,,Опис недоступний / No description.
9P2N57MC619K,Sea of Thieves: 2025 Edition,72.0,,,"🎮 Microsoft StoreSea of Thieves is a smash-hit pirate adventure game, offering the quintessential pirate experience of plundering lost treasures, fighting intense battles, vanquishing sea monsters and"
9NKD0MLJ3Z3X,UnknownID_9NKD0MLJ3Z3X,0.0,,,Опис недоступний / No description.
9PLGBZWN65RG,UnknownID_9PLGBZWN65RG,80.0,,,Опис недоступний / No description.
9NWVC7XP3PFD,Cities: Skylines - Windows 10 Edition,96.0,27.56,2015,"🎮 Microsoft StoreCities: Skylines – Windows 10 Edition puts you in charge of a growing city – from the ground-breaking of its first streets to the ever-changing needs of thousands of citizens. Design,"
BQXTS0SX4W0N,Tomb Raider: Definitive Edition,96.0,11.33,,"🎮 Microsoft StoreThe cinematic action-adventure that forced Lara Croft to grow from an inexperienced young woman into a hardened survivor has been re-built for next-gen consoles, featuring an obsessiv"
9PKJTP6DTND3,UnknownID_9PKJTP6DTND3,20.0,,,Опис недоступний / No description.
C0QDQ0KX4HDV,South Park™: The Stick of Truth ™,74.0,11.38,,"🎮 Microsoft StoreFrom the creators of South Park, Trey Parker and Matt Stone, comes an epic quest to become…cool.

Arm yourself with weapons of legend to defeat underpants gnomes, hippies, and other f"
9MTVJ3HHTQGS,UnknownID_9MTVJ3HHTQGS,40.0,,,Опис недоступний / No description.
9PBNGCVBGML0,Far Cry® 6,72.0,24.56,2021,"🎮 Microsoft StoreWelcome to Yara, a tropical paradise frozen in time. As the dictator of Yara, Antón Castillo is intent on restoring his nation to its former glory by any means necessary, with his son"
BSR9NLHVF1KL,UnknownID_BSR9NLHVF1KL,68.0,,,Опис недоступний / No description.
C0RNBFHQ7X96,Transference™,76.0,1.48,,🎮 Microsoft StoreJump into an escape room set in a deranged mind and experience a first-person exploration game in a chilling new dimension. Shift between three perspectives and attempt to unravel the
9P0P58R3NQDS,UnknownID_9P0P58R3NQDS,94.0,,,Опис недоступний / No description.
9N3F1LW9HC6C,UnknownID_9N3F1LW9HC6C,86.0,,,Опис недоступний / No description.
9NS37Q75LBCG,UnknownID_9NS37Q75LBCG,0.0,,,Опис недоступний / No description.
9NSD4HTWM8HT,UnknownID_9NSD4HTWM8HT,74.0,,,Опис недоступний / No description.
9NDKFJ6XDX2M,Call of Duty®: Modern Warfare® III - Standard Edition,80.0,5.29,2023,"🎮 Microsoft StoreADAPT OR DIE IN A FIGHT AGAINST THE ULTIMATE THREAT

In the direct sequel to the record-breaking Call of Duty®: Modern Warfare® II, Captain Price and Task Force 141 face off against t"
9NC4WDL5KZBL,UnknownID_9NC4WDL5KZBL,70.0,,,Опис недоступний / No description.
BSLTQT4L0RLV,Contrast,100.0,3.27,,"🎮 Microsoft StoreDev comment: Hey Xbox One players! See below for a personal note from the devs. 

Experience and explore a surreal 1920s dreamscape a vaudevillian, film noir-inspired almost-reality. "
9N9K5QP9G3GL,UnknownID_9N9K5QP9G3GL,0.0,,,Опис недоступний / No description.
9PG0PMB5Q0GT,UnknownID_9PG0PMB5Q0GT,64.0,,,Опис недоступний / No description.
9NMNMS626R59,UnknownID_9NMNMS626R59,62.0,,,Опис недоступний / No description.
BSLX1RNXR6H7,Batman™: Arkham Knight,88.0,17.04,2015,"🎮 Microsoft StoreIn the explosive finale to the Arkham series, The Scarecrow returns to unite an impressive roster of super villains, including Penguin, Two-Face and Harley Quinn. Batman: Arkham Knigh"
9N3M5D5ZSW34,UnknownID_9N3M5D5ZSW34,96.0,,,Опис недоступний / No description.
9P7X7VL05K48,UnknownID_9P7X7VL05K48,0.0,,,Опис недоступний / No description.
BX03760D0QGN,UnknownID_BX03760D0QGN,88.0,,,Опис недоступний / No description.
9PNGFSX7S117,Call of Duty®: Modern Warfare® II - Cross-Gen Bundle,68.0,,,"🎮 Microsoft StoreIncludes:

- Cross Gen Bundle of Call of Duty®: Modern Warfare® II
-- Includes Xbox One and Xbox Series X|S versions of the game

Call of Duty®: Modern Warfare® II drops players into "
C1WRX8ZD77M9,Watch Dogs®: Legion,64.0,18.18,2020,"🎮 Microsoft StoreBuild a resistance made from anyone in the world to take back a near-future London that is facing its downfall. Recipient of over 65 E3 awards and nominations.

Recruit and play as an"
BV0K9LMLQ9W5,Halo: Spartan Assault,94.0,4.14,,"🎮 Microsoft StoreHalo: Spartan Assault is a fast paced top-down shooter set during the timeline between “Halo 3” and “Halo 4,” progress your Spartan career as you engage in over 30 exciting Campaign m"
C27QL5JBKQ8M,UnknownID_C27QL5JBKQ8M,94.0,,,Опис недоступний / No description.
C3QWNCV55VLL,skate. (2007),0.0,11.31,,🎮 Microsoft Store(Online Interactions Not Rated by the ESRB) This game supports English only. Download the manual for this game by locating the game on http://marketplace.xbox.com and selecting “See G
9PB5JN044BHZ,The Crew Motorfest - Xbox One,56.0,,,"🎮 Microsoft StoreWelcome to Motorfest, the ultimate gathering for all car lovers.

Join drivers from all around the world and fulfill your greatest action driving fantasies. Come explore Hawaii and di"
BV2ZVP7PJZWL,Far Cry® 3 Classic Edition,52.0,15.93,2018,"🎮 Microsoft Store(Re-)experience Far Cry® 3 Classic Edition. Create your own adventure in a single-player, open world island of danger and discovery as you journey through the dark side of humanity.

"
C5JGRR1LFVW8,State of Decay: Year-One,80.0,17.53,,"🎮 Microsoft StoreState of Decay: Year-One brings the hit zombie survival-fantasy franchise to Xbox One. Delivered in beautifully remastered 1080p, along with improved lighting, textures, animations, a"
9NR7XDNVP5SW,UnknownID_9NR7XDNVP5SW,90.0,,,Опис недоступний / No description.
BZ2N7TQ0XCF2,UnknownID_BZ2N7TQ0XCF2,86.0,,,Опис недоступний / No description.
9N2J0FGV30DX,UnknownID_9N2J0FGV30DX,98.0,,,Опис недоступний / No description.
9NC2HVPRQQ9F,UnknownID_9NC2HVPRQQ9F,0.0,,,Опис недоступний / No description.
9NLZZ74TFD7P,Call of Duty®: Modern Warfare® III - Cross-Gen Bundle,76.0,,,"🎮 Microsoft StoreThe Cross Gen Bundle of Call of Duty®: Modern Warfare® III includes the Xbox One and Xbox Series X|S versions of the game.

ADAPT OR DIE IN A FIGHT AGAINST THE ULTIMATE THREAT

In the"
9NXP44L49SHJ,UnknownID_9NXP44L49SHJ,94.0,,,Опис недоступний / No description.
9PMXPQ307Z5P,UnknownID_9PMXPQ307Z5P,100.0,,,Опис недоступний / No description.
C2484ZR2BWNQ,MASSIVE CHALICE,0.0,,2015,"🎮 Microsoft StoreMASSIVE CHALICE is a tactical strategy game set on an epic timeline from Double Fine Productions. As the Immortal Ruler of the Nation, you'll take command of its heroes, forge marriag"
9NRPWTTJHNBC,UnknownID_9NRPWTTJHNBC,0.0,,,Опис недоступний / No description.
9NRH78B682L8,UnknownID_9NRH78B682L8,76.0,,,Опис недоступний / No description.
9NVR4ZQKNBSB,UnknownID_9NVR4ZQKNBSB,94.0,,,Опис недоступний / No description.
BRG51C5MWFSG,BLiNX: The Time Sweeper,100.0,8.03,2002,"🎮 Microsoft StoreBlinx: The Time Sweeper is a fast-paced action game featuring a cool, clever new character in wild, warped worlds. The ability to control the flow of time provides a totally new 4-dim"
9MTP0GJ0Q3MG,UnknownID_9MTP0GJ0Q3MG,0.0,,,Опис недоступний / No description.
9MVN3C4CPDT5,UnknownID_9MVN3C4CPDT5,90.0,,,Опис недоступний / No description.
9NKBNRKJ9FXS,UnknownID_9NKBNRKJ9FXS,0.0,,,Опис недоступний / No description.
9P822XLW9PB8,UnknownID_9P822XLW9PB8,76.0,,,Опис недоступний / No description.
9P0T51BDDWVT,UnknownID_9P0T51BDDWVT,64.0,,,Опис недоступний / No description.
9PJPZK79N5VG,UnknownID_9PJPZK79N5VG,0.0,,,Опис недоступний / No description.
9NM395CH685J,UnknownID_9NM395CH685J,100.0,,,Опис недоступний / No description.
9PLG24BMTP3T,UnknownID_9PLG24BMTP3T,92.0,,,Опис недоступний / No description.
C48LBRJJCP2L,Mirror's Edge™ Catalyst,100.0,8.41,2016,"🎮 Microsoft StoreONLINE FEATURES FOR THIS TITLE HAVE BEEN DISCONTINUED. 

Follow Faith, a daring free runner, as she fights for freedom in the city of Glass. What appears to be an elegant, high-tech c"
9P97ZTRTH25W,UnknownID_9P97ZTRTH25W,70.0,,,Опис недоступний / No description.
BTMS1PXLQ6P6,Assassin's Creed® Chronicles: India,0.0,5.64,,"🎮 Microsoft StoreEmbody Arbaaz in his quest for retribution through a colourful depiction of 19th century Colonial India in 2.5D stealth gameplay. 

• Travel across an amazing 19th-century India and i"
C0KJ40T9QD86,Far Cry® 4,72.0,,2014,"🎮 Microsoft StoreSEQUEL TO THE #1 RATED SHOOTER OF 2012*

Built from the legendary DNA of its award-winning predecessor, Far Cry® 4 delivers the most expansive and immersive Far Cry® experience ever i"
9P03JGQ4S1GC,UnknownID_9P03JGQ4S1GC,90.0,,,Опис недоступний / No description.
BX7XFZ51XTW8,Lara Croft and the Guardian of Light,94.0,,,"🎮 Microsoft StoreExperience the first ever co-op action-adventure game featuring Lara Croft. Team up with a friend or go at it alone as you traverse and solve deadly traps, fight hordes of undead enem"
BV9CWVQWNS4P,STAR WARS™: Squadrons,100.0,,,🎮 Microsoft StoreMaster the art of starfighter combat in the authentic piloting experience STAR WARS™: Squadrons. Buckle up and feel the adrenaline of first-person multiplayer space dogfights alongsid
C2Q32JM0BPZL,Fable Anniversary,74.0,,,"🎮 Microsoft StoreThe Games on Demand version supports English, French, Spanish, and Portuguese.As the best-selling RPG on the original Xbox, Fable pioneered every player’s choice having a consequence."
9N94NCGM1Q2N,UnknownID_9N94NCGM1Q2N,64.0,,,Опис недоступний / No description.
BR7X7MVBBQKM,Far Cry® 5,92.0,,,"🎮 Microsoft StoreWelcome to Hope County, Montana, the land of the free and brave, but also the home of a fanatical doomsday cult. Stand up to cult leader Joseph Seed and his siblings, the Heralds, to "
9N0KN24FWP6B,UnknownID_9N0KN24FWP6B,60.0,,,Опис недоступний / No description.
C4CBF3FHHCND,UnknownID_C4CBF3FHHCND,0.0,,,Опис недоступний / No description.
9N04NS8TP202,UnknownID_9N04NS8TP202,80.0,,,Опис недоступний / No description.
9NB65S6LFZRT,Enter The Gungeon,70.0,,,"🎮 Microsoft StoreEnter the Gungeon is a gunfight dungeon crawler following a band of misfits seeking to shoot, loot, dodge roll and table-flip their way to personal absolution by reaching the legendar"
9PDDRVKPF6KG,UnknownID_9PDDRVKPF6KG,30.0,,,Опис недоступний / No description.
9NKVX66J0ZSK,UnknownID_9NKVX66J0ZSK,20.0,,,Опис недоступний / No description.
9PBB4QHMSDKR,UnknownID_9PBB4QHMSDKR,100.0,,,Опис недоступний / No description.
BV6BRSLFJW3W,Far Cry Primal,84.0,,,"🎮 Microsoft StoreThe award-winning Far Cry franchise that stormed the tropics and the Himalayas now enters the original fight for humanity’s survival with its innovative open-world sandbox gameplay, b"
9NSF0BGH8D86,UnknownID_9NSF0BGH8D86,76.0,,,Опис недоступний / No description.
BQR7QS0F8SJ3,The Walking Dead: A New Frontier - The Complete Season (Episodes 1-5),100.0,,,"🎮 Microsoft StoreWhen family is all you have left…how far will you go to protect it?

After society was ripped apart by undead hands, pockets of civilization emerge from the chaos. But at what cost? C"
9P6X0VL8BXZF,UnknownID_9P6X0VL8BXZF,100.0,,,Опис недоступний / No description.
9MXND4PQLK3W,UnknownID_9MXND4PQLK3W,100.0,,,Опис недоступний / No description.
9NBFGKQLMV33,UnknownID_9NBFGKQLMV33,76.0,,,Опис недоступний / No description.
9P4NJFH17MRT,UnknownID_9P4NJFH17MRT,76.0,,,Опис недоступний / No description.
BRT1K9FV4LRR,Broken Age,100.0,,,"🎮 Microsoft StoreBroken Age is a timeless coming-of-age story of barfing trees and talking spoons. Vella Tartine and Shay Volta are two teenagers in strangely similar situations, but radically differe"
C2M8HBNVPT1T,The Evil Within,66.0,,,"🎮 Microsoft StoreDeveloped by Shinji Mikami and the talented team at Tango Gameworks, The Evil Within embodies the meaning of pure survival horror. Highly-crafted environments, horrifying anxiety, and"
9NPRHD8GQKQS,UnknownID_9NPRHD8GQKQS,80.0,,,Опис недоступний / No description.
9P8LR42PTRGJ,UnknownID_9P8LR42PTRGJ,80.0,,,Опис недоступний / No description.
9PHH1ZWRSZ41,UnknownID_9PHH1ZWRSZ41,78.0,,,Опис недоступний / No description.
9N36BLQF3FX6,UnknownID_9N36BLQF3FX6,90.0,,,Опис недоступний / No description.
9NN3HCKW5TPC,Gears Tactics,20.0,,,"🎮 Microsoft StoreComplete the Gears Tactics tutorial and get Armored Gabe Character Skin for multiplayer modes in Gears 5.

Gears Tactics is the fast-paced, turn-based strategy game set 12 years befor"
C37XBX7DCBZ0,UnknownID_C37XBX7DCBZ0,92.0,,,Опис недоступний / No description.
C47GZZBMR5WG,Dragon Age™: Inquisition,74.0,,,"🎮 Microsoft StoreYou are the only one who can stop demons flooding into the land of Thedas.

A cataclysmic event plunges the land of Thedas into turmoil. Dragons darken the sky, casting a shadow of te"
9PDC9X7BKZR3,UnknownID_9PDC9X7BKZR3,92.0,,,Опис недоступний / No description.
9ND3HTTQ0GKB,UnknownID_9ND3HTTQ0GKB,88.0,,,Опис недоступний / No description.
9PHKWCSZ0SQJ,Anno 1800™ Console Edition,50.0,,,🎮 Microsoft StoreWelcome to the dawn of the Industrial Age in this city-building real-time strategy game. Experience one of the most exciting and fast-changing periods of all time as you discover new 
BPCN22ZVT05C,Rise of the Tomb Raider,94.0,,,"🎮 Microsoft StoreFeaturing epic, high-octane action moments set in the most beautifully hostile environments on earth, Rise of the Tomb Raider delivers a cinematic survival action adventure where you "
9PNCL2R6G8D0,Call of Duty®: Black Ops 6 - Standard Edition,50.0,,,"🎮 Microsoft StoreForced to go rogue. Hunted from within. This is Call of Duty®: Black Ops 6.

Developed by Treyarch and Raven, Black Ops 6 is a spy action thriller set in the early 90s, a period of tr"
C5K89TFLSV19,The Elder Scrolls IV: Oblivion,80.0,,,"🎮 Microsoft StoreDownload the manual for this game by locating the game on http://marketplace.xbox.com and selecting “See Game Manual"". Step inside the most richly detailed and vibrant game-world ever"
9N4X0WFZ2STM,UnknownID_9N4X0WFZ2STM,86.0,,,Опис недоступний / No description.
C2CSDTSCBZ0C,UnknownID_C2CSDTSCBZ0C,92.0,,,Опис недоступний / No description.
9NTJMT7D8VVV,UnknownID_9NTJMT7D8VVV,0.0,,,Опис недоступний / No description.
BSDX4FNNC0DK,UnknownID_BSDX4FNNC0DK,66.0,,,Опис недоступний / No description.
9NK4NTBFWW81,UnknownID_9NK4NTBFWW81,76.0,,,Опис недоступний / No description.
9PFT2MJKJHWX,UnknownID_9PFT2MJKJHWX,100.0,,,Опис недоступний / No description.
9MW4RJDRSF78,UnknownID_9MW4RJDRSF78,20.0,,,Опис недоступний / No description.
9MWDJRQ1BXTC,UnknownID_9MWDJRQ1BXTC,74.0,,,Опис недоступний / No description.
9NN6QW1NPCKN,UnknownID_9NN6QW1NPCKN,46.0,,,Опис недоступний / No description.
9PJLNG7448C6,Rabbids®: Party of Legends,0.0,,,"🎮 Microsoft StoreEmbark on a legendary journey with the Rabbids in this hilarious party game! Join them on an incredible quest, filled with hilarious moments! Gather with friends and family and enjoy "
9MWV1MV9LWF4,UnknownID_9MWV1MV9LWF4,76.0,,,Опис недоступний / No description.
BTKN78H28RPV,Iron Brigade,80.0,,,🎮 Microsoft Store(Online Interactions Not Rated by the ESRB) Protect humanity from the evil Monovision menace in this Tower Defense Shooter from Tim Schafer’s Double Fine Productions. Join The Mobile 
9N6F97F9WGL0,UnknownID_9N6F97F9WGL0,84.0,,,Опис недоступний / No description.
9N66JJQFX3RX,UnknownID_9N66JJQFX3RX,100.0,,,Опис недоступний / No description.
9MVSRJWZBG9G,UnknownID_9MVSRJWZBG9G,100.0,,,Опис недоступний / No description.
BQSCNS1T8PHQ,UnknownID_BQSCNS1T8PHQ,88.0,,,Опис недоступний / No description.
9NG07QJNK38J,UnknownID_9NG07QJNK38J,72.0,,,Опис недоступний / No description.
9PN0MPNNP92J,UnknownID_9PN0MPNNP92J,0.0,,,Опис недоступний / No description.
9PBF1FL7K192,UnknownID_9PBF1FL7K192,100.0,,,Опис недоступний / No description.
C0X15TR4NP0B,Valiant Hearts: The Great War,88.0,,,🎮 Microsoft StoreValiant Hearts - The Great War is the story of 4 crossed destinies and a broken love in a world torn apart.
9P76M1N37K6K,UnknownID_9P76M1N37K6K,0.0,,,Опис недоступний / No description.
9NRL00D96M3R,UnknownID_9NRL00D96M3R,94.0,,,Опис недоступний / No description.
9NF0D13RPX5L,UnknownID_9NF0D13RPX5L,60.0,,,Опис недоступний / No description.
9NPKGVXPFRSX,UnknownID_9NPKGVXPFRSX,100.0,,,Опис недоступний / No description.
9MWR1NC6VQ6L,Stardew Valley,94.0,,,"🎮 Microsoft StoreYou’ve inherited your grandfather’s old farm plot in Stardew Valley. Armed with hand-me-down tools and a few coins, you set out to begin your new life. Can you learn to live off the l"
BR27BSZ2M3SR,RAGE,96.0,,,"🎮 Microsoft StoreAfter an asteroid impacts Earth, humanity attempts to rebuild. Sheltered in cryogenic lifeboats, survivors emerge years after impact to a devastated planet where some of mankind survi"
9NRCM30L6GRQ,UnknownID_9NRCM30L6GRQ,32.0,,,Опис недоступний / No description.
9PHT4W7WBBDQ,UnknownID_9PHT4W7WBBDQ,70.0,,,Опис недоступний / No description.
9PK087LNGJC5,UnknownID_9PK087LNGJC5,90.0,,,Опис недоступний / No description.
C27XPR5XDMFT,Crash Bandicoot™ N. Sane Trilogy,60.0,,,"🎮 Microsoft StoreYour favorite marsupial, Crash Bandicoot™, is back! He’s enhanced, entranced and ready-to-dance with the N. Sane Trilogy game collection. Now you can experience Crash Bandicoot like n"
9N8Z1ZL33LM9,UnknownID_9N8Z1ZL33LM9,54.0,,,Опис недоступний / No description.
9N9PDJ7Z8S2R,UnknownID_9N9PDJ7Z8S2R,66.0,,,Опис недоступний / No description.
9PGC82V0DXFS,UnknownID_9PGC82V0DXFS,88.0,,,Опис недоступний / No description.
9P7L9H478GGV,UnknownID_9P7L9H478GGV,100.0,,,Опис недоступний / No description.
BQ9S8ZKCT3Q7,Assassin's Creed® The Ezio Collection,90.0,,,"🎮 Microsoft StoreMake history as the legendary Master Assassin, Ezio Auditore da Firenze, in this compelling collection including Assassin’s Creed 2, Assassin’s Creed Brotherhood and Assassin’s Creed "
9P8RMKXRML7D,UnknownID_9P8RMKXRML7D,72.0,,,Опис недоступний / No description.
9MWD2Z8L1FBQ,UnknownID_9MWD2Z8L1FBQ,100.0,,,Опис недоступний / No description.
BVQ3V30ZXVT5,UnknownID_BVQ3V30ZXVT5,76.0,,,Опис недоступний / No description.
9PMB5879J2FW,Assassin's Creed® Odyssey,0.0,,,🎮 Microsoft StoreWrite your own epic odyssey and become a legendary Spartan hero. Forge your destiny in a world on the brink of tearing itself apart. Influence how history unfolds in an ever-changing 
9N51RG58SFS8,Scott Pilgrim vs. The World™: The Game – Complete Edition,0.0,,,"🎮 Microsoft StoreRediscover the beloved 2D arcade-style beat 'em up inspired by the iconic comic book series and movie Scott Pilgrim vs. The World!

Play as your favorite characters – Scott Pilgrim, R"
9NM7J25GMDHP,UnknownID_9NM7J25GMDHP,0.0,,,Опис недоступний / No description.
9NMB4T25W817,UnknownID_9NMB4T25W817,88.0,,,Опис недоступний / No description.
9NMHP9SMZHGZ,UnknownID_9NMHP9SMZHGZ,0.0,,,Опис недоступний / No description.
9P47S7NJGWZL,UnknownID_9P47S7NJGWZL,88.0,,,Опис недоступний / No description.
C0GWTPD0S8S1,STAR WARS™ Battlefront™ II,86.0,,,"🎮 Microsoft StoreEmbark on an endless STAR WARS™ action experience from the bestselling STAR WARS HD videogame franchise of all time.

Rush through waves of enemies on Starkiller Base with the power o"
9MX7DMHK13SC,UnknownID_9MX7DMHK13SC,76.0,,,Опис недоступний / No description.
9P33VJGVPHVP,UnknownID_9P33VJGVPHVP,50.0,,,Опис недоступний / No description.
9NJ2FD5HJ7SB,UnknownID_9NJ2FD5HJ7SB,76.0,,,Опис недоступний / No description.
9N5K7HWXL4Q6,UnknownID_9N5K7HWXL4Q6,64.0,,,Опис недоступний / No description.
9NVJ4L71DF5Q,Far Cry® 3 Blood Dragon Classic Edition,20.0,,,"🎮 Microsoft StoreFar Cry® 3 Blood Dragon Classic Edition is included for free in Far Cry® 6 Season Pass.

Welcome to an 80s vision of the future taking place on a bizarre open world island crawling wi"
9PKWJSJ4NWC7,UnknownID_9PKWJSJ4NWC7,88.0,,,Опис недоступний / No description.
9N9RSV4F7ZR0,UnknownID_9N9RSV4F7ZR0,90.0,,,Опис недоступний / No description.
9NWB9PL1L2PQ,UnknownID_9NWB9PL1L2PQ,0.0,,,Опис недоступний / No description.
BS1NPTPJGD4G,Viva Piñata: TIP,100.0,,,"🎮 Microsoft StoreThe Games on Demand version supports English, French, Italian, German, Spanish, Japanese, Korean, Chinese.Welcome back to Piñata Island where Prof. Pester's latest scheme has lead to "
9P5S26314HWQ,UnknownID_9P5S26314HWQ,100.0,,,Опис недоступний / No description.
BPRPQSKXTD1L,Halo Wars: Definitive Edition,80.0,,,"🎮 Microsoft StoreSupports Xbox Play Anywhere: yours to play on both Xbox One and Windows 10 PC at no additional cost.

Halo Wars: Definitive Edition is an enhanced version of the real-time strategy cl"
C42KCJCLX6MX,Halo Wars 2: Standard Edition,100.0,,,"🎮 Microsoft StoreIt’s the Halo experience you’ve dreamed of – controlling entire armies of Marines, Warthogs, Scorpion tanks, and Spartans on the battlefield from the Commander’s point of view. Halo W"
9PG0ZSTFBL1T,UnknownID_9PG0ZSTFBL1T,0.0,,,Опис недоступний / No description.
9NBLGGH43KZB,UnknownID_9NBLGGH43KZB,80.0,,,Опис недоступний / No description.
9PM709J61828,UnknownID_9PM709J61828,84.0,,,Опис недоступний / No description.
BXF9VWKCD6QW,UnknownID_BXF9VWKCD6QW,58.0,,,Опис недоступний / No description.
BX1DTCBD1HXJ,War Thunder,80.0,,,"🎮 Microsoft StoreWar Thunder is the most comprehensive free-to-play MMO military game dedicated to aviation, armoured vehicles, and naval craft from World War II and the Cold War. Join now and take pa"
9MVF0PGV94F7,UnknownID_9MVF0PGV94F7,100.0,,,Опис недоступний / No description.
BX27S00SKW1V,Banjo-Tooie,0.0,,,🎮 Microsoft StoreThe bear and bird’s second outing available in full. Loads of rollicking fun to be had here and with the legendary Stop N Swap feature reinstated. The best use of a backpack in a game
9P686C1GJ91L,UnknownID_9P686C1GJ91L,100.0,,,Опис недоступний / No description.
9NMF3KXT4P4G,UnknownID_9NMF3KXT4P4G,82.0,,,Опис недоступний / No description.
9NBR2VXT87SJ,UnknownID_9NBR2VXT87SJ,90.0,,,Опис недоступний / No description.
9NLD3ZRWF8DT,UnknownID_9NLD3ZRWF8DT,100.0,,,Опис недоступний / No description.
BWL72GR7Z7GK,Stellaris: Console Edition,86.0,,,🎮 Microsoft StoreThe universe is getting bigger every day! Paradox Development Studio is bringing the grand strategy genre to consoles for the first time ever with Stellaris: Console Edition. Featurin
9N1HF804QXN4,UnknownID_9N1HF804QXN4,96.0,,,Опис недоступний / No description.
9MWHMJ0SRBXV,UnknownID_9MWHMJ0SRBXV,94.0,,,Опис недоступний / No description.
9N4J937WLFPZ,UnknownID_9N4J937WLFPZ,66.0,,,Опис недоступний / No description.
9P9XGNFNF11R,UnknownID_9P9XGNFNF11R,100.0,,,Опис недоступний / No description.
9NQR437K7PQH,UnknownID_9NQR437K7PQH,68.0,,,Опис недоступний / No description.
9PHFTS44F99K,Wolfenstein: Youngblood,0.0,,,"🎮 Microsoft StoreWolfenstein: Youngblood is the first modern co-op Wolfenstein adventure.

Nineteen years after the events of Wolfenstein II, BJ Blazkowicz has disappeared after a mission into Nazi-oc"
9P1WJCK9B8S6,UnknownID_9P1WJCK9B8S6,0.0,,,Опис недоступний / No description.
C042M8GWKS34,Stacking,100.0,,,"🎮 Microsoft StoreFrom Tim Schafer’s Double Fine Productions, explore a vintage world inhabited by living Russian stacking dolls as you jump into more than 100 unique dolls and use their special abilit"
9NP1P1WFS0LB,UnknownID_9NP1P1WFS0LB,88.0,,,Опис недоступний / No description.
9PGX472J0RJP,UnknownID_9PGX472J0RJP,94.0,,,Опис недоступний / No description.
9NH8K4B707H0,UnknownID_9NH8K4B707H0,42.0,,,Опис недоступний / No description.
BQT21VXFS52F,Gears of War: Ultimate Edition,100.0,,,"🎮 Microsoft StoreThis version is only available in Xbox Game Pass. Purchase the Deluxe Version of Gears of War: Ultimate Edition for the equivalent price. See it in the “Included in” section below.

T"
9PPJP7X77NNB,UnknownID_9PPJP7X77NNB,84.0,,,Опис недоступний / No description.
9NDJX252Q5BW,UnknownID_9NDJX252Q5BW,74.0,,,Опис недоступний / No description.
9P5Z4530318L,UnknownID_9P5Z4530318L,74.0,,,Опис недоступний / No description.
C1H74N0TR8KT,Little Nightmares II Enhanced Edition,92.0,,,"🎮 Microsoft StoreDive into an unsettling adventure that you'll never forget, now enhanced in mesmerizing 4K at uncapped FPS.

On Xbox Series X|S, the Enhanced version visual upgrade includes Ray-trace"
9NG0PK8SQVK2,UnknownID_9NG0PK8SQVK2,100.0,,,Опис недоступний / No description.
BV05F8VT7JJ4,The Crew® 2,82.0,,,🎮 Microsoft StoreJOIN A COMMUNITY OF 30 MILLION PLAYERS! Get ready for a high-speed trip across the USA and enjoy one of the most complete open world action driving experiences ever created. With acce
C0N22P73QZ60,Dead by Daylight,62.0,,,"🎮 Microsoft StoreTrapped forever in a realm of eldritch evil where even death is not an escape, four determined Survivors face a bloodthirsty Killer in a vicious game of nerve and wits. Pick a side an"
C0SFCF4PBRSZ,Max: The Curse of Brotherhood,0.0,,,🎮 Microsoft StoreMax: The Curse of Brotherhood is a classic action-adventure. At its core it is a platformer filled with puzzles. Max must start on a quest to save his brother who is kidnapped to a ho
BPKVH4C4XV4N,Injustice™ 2,74.0,,,"🎮 Microsoft StorePower up and build the ultimate version of your favorite DC legends in INJUSTICE 2. 
•EVERY BATTLE DEFINES YOU: With every match you'll earn gear to equip, customize and evolve your r"
9NBLGGH515BD,UnknownID_9NBLGGH515BD,80.0,,,Опис недоступний / No description.
9N16SLB6FB96,UnknownID_9N16SLB6FB96,0.0,,,Опис недоступний / No description.
C2N9CS4FS1QR,Tom Clancy’s Ghost Recon® Wildlands - Standard Edition,92.0,,,"🎮 Microsoft StoreTry Ghost Recon Wildlands for free! Play online with your friends and explore the country for 5 hours by downloading the trial!

HDR enhanced for richer, more luminous colors.*

Creat"
9PMTJMML92S4,UnknownID_9PMTJMML92S4,0.0,,,Опис недоступний / No description.
9NC7NRD0CM11,UnknownID_9NC7NRD0CM11,86.0,,,Опис недоступний / No description.
C20WW4W29FQ1,UnknownID_C20WW4W29FQ1,80.0,,,Опис недоступний / No description.
9P2S2QVRB97N,UnknownID_9P2S2QVRB97N,0.0,,,Опис недоступний / No description.
9N6Z8DQXSQWH,UnknownID_9N6Z8DQXSQWH,60.0,,,Опис недоступний / No description.
9PG28RXDG9GQ,UnknownID_9PG28RXDG9GQ,70.0,,,Опис недоступний / No description.
C2KDNLT2H7DM,Gears 5,94.0,,,"🎮 Microsoft StoreFrom one of gaming’s most acclaimed sagas, Gears 5’s celebrated campaign and refreshed multiplayer are optimized with new features for the Xbox Series X|S update. 

Campaign: With all"
C29HQ887KH4B,Fallout 3,100.0,,,"🎮 Microsoft StoreThis game supports English. Download the manual for this game by locating the game on http://marketplace.xbox.com and selecting “See Game Manual"". Vault-Tec engineers have worked arou"
9PP7XSG5LDH1,UnknownID_9PP7XSG5LDH1,66.0,,,Опис недоступний / No description.
9NCJWHHMVHR0,UnknownID_9NCJWHHMVHR0,92.0,,,Опис недоступний / No description.
9N2HB4MWG7HM,UnknownID_9N2HB4MWG7HM,100.0,,,Опис недоступний / No description.
BRQH27C9RGXS,Assassin's Creed Unity,88.0,,,"🎮 Microsoft StoreA RUTHLESS NEW HERO FOR A BRUTAL NEW WORLD
Play as Arno, an entirely new breed of Assassin more lethal than his ancestors. Take down your prey with a range of new weapons such as the "
BW6B077FCH11,The Walking Dead: The Complete First Season,100.0,,,"🎮 Microsoft StoreA five-part game series set in the same universe as Robert Kirkman’s award-winning series. Play as Lee Everett, a convicted criminal, who has been given a second chance at life in a w"
9MW581HCJPM6,UnknownID_9MW581HCJPM6,74.0,,,Опис недоступний / No description.
9NXR6469DM2P,UnknownID_9NXR6469DM2P,76.0,,,Опис недоступний / No description.
9NTFPTBXDDT3,UnknownID_9NTFPTBXDDT3,74.0,,,Опис недоступний / No description.
9PHK9D8CLQCG,UnknownID_9PHK9D8CLQCG,100.0,,,Опис недоступний / No description.
9N732VFPMWKT,UnknownID_9N732VFPMWKT,0.0,,,Опис недоступний / No description.
9NMBJQ0265ZK,UnknownID_9NMBJQ0265ZK,64.0,,,Опис недоступний / No description.
9N10HHMXFFC5,UnknownID_9N10HHMXFFC5,0.0,,,Опис недоступний / No description.
9NKHKBQJSSC3,UnknownID_9NKHKBQJSSC3,92.0,,,Опис недоступний / No description.
C299QVC2BSJF,Dishonored® Definitive Edition,98.0,,,"🎮 Microsoft StoreArkane Studios’ Dishonored®, winner of over 100 Game of the Year awards, and all of its additional content come to the next generation in Dishonored® Definitive Edition! With Dishonor"
9NN1M88HL5M6,UnknownID_9NN1M88HL5M6,0.0,,,Опис недоступний / No description.
BPJ686W6S0NH,Grand Theft Auto V (Xbox One),82.0,,,"🎮 Microsoft StoreExperience Rockstar Games' critically acclaimed open world game, Grand Theft Auto V.

When a young street hustler, a retired bank robber and a terrifying psychopath find themselves en"
9P4KMR76PLLQ,UnknownID_9P4KMR76PLLQ,90.0,,,Опис недоступний / No description.
C421ZX7RCG0W,Wolfenstein: Youngblood,60.0,,,"🎮 Microsoft StoreTry Wolfenstein: Youngblood for free. Access to all gameplay and features requires an invitation from a Buddy Pass owner.

Wolfenstein: Youngblood is the first modern co-op Wolfenstei"
9NDKXPQBBNJN,Spray Paint Simulator,70.0,,,"🎮 Microsoft StoreCOLOR YOUR WORLD

Bring color to the world in Spray Paint Simulator! Restore worn-out surfaces with a fresh coat of paint and watch them come back to life. Use your spray tool with pr"
9P88K6NQW12H,UnknownID_9P88K6NQW12H,60.0,,,Опис недоступний / No description.
9P49LKR1V2Q5,UnknownID_9P49LKR1V2Q5,30.0,,,Опис недоступний / No description.
9MZ4GBWX9GND,UnknownID_9MZ4GBWX9GND,84.0,,,Опис недоступний / No description.
C3NHWKLR94M9,Hungry Shark® World,90.0,,,🎮 Microsoft StoreExperience life as a shark and eat everything that gets in your way in this action-packed aquatic adventure. Control more than 20 sharks in full HD and take on fearsome bosses as you 
9PBRN7JS4XPC,UnknownID_9PBRN7JS4XPC,0.0,,,Опис недоступний / No description.
9NXTFRQJGZ43,UnknownID_9NXTFRQJGZ43,0.0,,,Опис недоступний / No description.
9PBC1QFBW563,UnknownID_9PBC1QFBW563,100.0,,,Опис недоступний / No description.
9PLCL2VB2SC0,UnknownID_9PLCL2VB2SC0,40.0,,,Опис недоступний / No description.
9P7TLX79S7N7,UnknownID_9P7TLX79S7N7,100.0,,,Опис недоступний / No description.
9MVQXW1RJVCN,Far Cry® 5,0.0,,,"🎮 Microsoft StoreFar Cry comes to America in the latest installment of the award-winning franchise.

Hope County, Montana, has been overrun by a fanatical doomsday cult – The Project at Eden’s Gate. U"
9NK2DT3K7DTF,UnknownID_9NK2DT3K7DTF,0.0,,,Опис недоступний / No description.
9PLMGFWCFZ9G,UnknownID_9PLMGFWCFZ9G,0.0,,,Опис недоступний / No description.
9P8XJRLCLH2P,Moonlighter,76.0,,,"🎮 Microsoft StoreEvery adventure has to pay off
During an archaeological excavation – a set of Gates were discovered. People quickly realized that these ancient passages lead to different realms and d"
C350VBGGCL6P,STEEP,74.0,,,"🎮 Microsoft StoreRide a massive open world across the Alps, where the powder is always fresh and the run never ends. 
Tame the wilderness on the American continent in the Alaska free update, a new reg"
9P71QFSC7Q34,UnknownID_9P71QFSC7Q34,80.0,,,Опис недоступний / No description.
9PFFWMFBFWP3,NHL® 24 Xbox One,20.0,,,"🎮 Microsoft StoreEA SPORTS™ NHL® 24’s all-new gameplay features bring authentic on-ice action to life. Experience the rush and fatigue of a high-pressure game with the Exhaust Engine, where sustained "
BNCZHKWRZ7BR,Peggle 2,20.0,,,"🎮 Microsoft StorePeggle 2 is a magical game full of bouncing balls, magical pegs and bricks made of pure compressed joy! Test your luck and skill by clearing pegs, bashing bricks and timing your shots"
C2XNJC9WK15X,The Walking Dead: Michonne - The Complete Season,0.0,,,"🎮 Microsoft StoreThe Walking Dead: Michonne - A Telltale Miniseries stars the iconic, blade-wielding character from Robert Kirkman's best-selling comic books. Haunted by her past, and coping with unim"
9N7GG222GTTH,UnknownID_9N7GG222GTTH,100.0,,,Опис недоступний / No description.
BZQQ7HX8PZ05,Assassin's Creed® Chronicles: China,40.0,,,"🎮 Microsoft StoreExact Shao Jun’s vengeance on the Chinese Emperor in stunning 16th century China with fresh 2.5D stealth gameplay:

• Witness an empire crumbles:
Travel across China and its legendary"
9NQV7C0G1040,UnknownID_9NQV7C0G1040,94.0,,,Опис недоступний / No description.
9NT3WC6RKBVQ,UnknownID_9NT3WC6RKBVQ,68.0,,,Опис недоступний / No description.
9NL9QN69HCL7,UnknownID_9NL9QN69HCL7,80.0,,,Опис недоступний / No description.
BVJLKDG2TX8H,Overcooked! 2,100.0,,,🎮 Microsoft StoreOvercooked returns with a brand-new helping of chaotic cooking action! Journey back to the Onion Kingdom and assemble your team of chefs in classic couch co-op or online play for up t
9NJWTJSVGVLJ,UnknownID_9NJWTJSVGVLJ,82.0,,,Опис недоступний / No description.
BS6WJ2L56B10,UnknownID_BS6WJ2L56B10,58.0,,,Опис недоступний / No description.
9PH9X0760B0T,UnknownID_9PH9X0760B0T,88.0,,,Опис недоступний / No description.
BQND4NQXFFV2,Torment: Tides of Numenera,0.0,,,"🎮 Microsoft StoreExplore Earth one billion years in the future in the science-fantasy setting of Numenera. Discover the Ninth World built on the bones of extinct, hyper-advanced civilizations and leav"
BWT5L9P3L60X,Assassin’s Creed® Rogue Remastered,80.0,,,"🎮 Microsoft StoreExperience the darkest chapter in Assassin’s Creed lore yet, remastered for next-gen platforms. Assume the role of Shay, an Assassin during the French and Indian War, and witness the "
9P2J7WHV0K4N,RAGE 2,40.0,,,"🎮 Microsoft StoreAn asteroid has annihilated 80% of the earth’s population, and humanity’s numbers are dwindling. Ruthless and bloodthirsty gangs roam the open roads and the tyrannical Authority seek "
9NJC29JG70LM,UnknownID_9NJC29JG70LM,90.0,,,Опис недоступний / No description.
9NVBKDF85W8T,UnknownID_9NVBKDF85W8T,82.0,,,Опис недоступний / No description.
BS34VNW7H61F,Pillars of Eternity: Complete Edition,60.0,,,"🎮 Microsoft StorePillars of Eternity, the ultimate role-playing experience on PC, comes to Xbox One! Created by and for role-playing fans by Obsidian Entertainment, masters of the RPG genre, Pillars s"
9PJTHRNVH62H,UnknownID_9PJTHRNVH62H,90.0,,,Опис недоступний / No description.
9NH019ZFFHTV,UnknownID_9NH019ZFFHTV,82.0,,,Опис недоступний / No description.
9NNM7PKZN3JF,UnknownID_9NNM7PKZN3JF,66.0,,,Опис недоступний / No description.
BWHFZNSL0PB5,Spyro™ Reignited Trilogy,100.0,,,"🎮 Microsoft StoreThe original roast master is back! Same sick burns, same smoldering attitude, now all scaled up in stunning HD. Spyro is bringing the heat like never before in the Spyro™ Reignited Tr"
BWT2GPVWCH2F,Kingdom Two Crowns,76.0,,,"🎮 Microsoft StoreBuild - Explore - Defend - Conquer 

A shroud of mystery envelops these uncharted medieval lands where ancient monuments, relics and mythical creatures await. Echoes of bygone eras sp"
9NLB6V0GNC9P,UnknownID_9NLB6V0GNC9P,94.0,,,Опис недоступний / No description.
C3VVNLQQ54F8,Tom Clancy's Ghost Recon® Breakpoint,64.0,,,"🎮 Microsoft StoreBecome an elite spec ops soldier known as a Ghost, tasked with a special mission to Auroa. The remote archipelago somewhere in the South Pacific has lost contact with outside world du"
9NR1RVDK9T78,UnknownID_9NR1RVDK9T78,40.0,,,Опис недоступний / No description.
9P0RGJND5SR0,Monopoly Madness,52.0,,,"🎮 Microsoft StoreMONOPOLY, in a way you’ve never seen before. With shorter rounds, race other players across the chaotic streets of Monopoly City, collect resources, buy and upgrade properties, mess w"
BQMVWCMB8P59,Prey,86.0,,,"🎮 Microsoft StoreIn Prey, you awaken aboard Talos I, a space station orbiting the moon in the year 2032. You are the key subject of an experiment meant to alter humanity forever – but things have gone"
9PD5BM2Z8C4L,UnknownID_9PD5BM2Z8C4L,80.0,,,Опис недоступний / No description.
9N5TWT260Q8H,UnknownID_9N5TWT260Q8H,0.0,,,Опис недоступний / No description.
9PDS2N82QNXG,UnknownID_9PDS2N82QNXG,84.0,,,Опис недоступний / No description.
9N3DWR830CVN,UnknownID_9N3DWR830CVN,48.0,,,Опис недоступний / No description.
9MZ1GSWX2G53,UnknownID_9MZ1GSWX2G53,0.0,,,Опис недоступний / No description.
9P1JS86M9SXH,UnknownID_9P1JS86M9SXH,20.0,,,Опис недоступний / No description.
9MW2X7FQ4ZG9,UnknownID_9MW2X7FQ4ZG9,78.0,,,Опис недоступний / No description.
9P1Z43KRNQD4,UnknownID_9P1Z43KRNQD4,100.0,,,Опис недоступний / No description.
9NKCCHCFTHV2,UnknownID_9NKCCHCFTHV2,0.0,,,Опис недоступний / No description.
9NWNLS28ZG37,UnknownID_9NWNLS28ZG37,100.0,,,Опис недоступний / No description.
9MT8PTGVHX2P,Halo: The Master Chief Collection,90.0,,,"🎮 Microsoft StoreXBOX GAME PASS MEMBERS – Download and play by selecting ""Halo: The Master Chief Collection"", “Halo 3: ODST” and “Halo: Reach” under ""In this bundle"". 

Improved, refreshed and better "
9NTM9HXNLSZX,Halo: The Master Chief Collection,74.0,,,"🎮 Microsoft StoreThe series that changed console gaming forever is on PC with six blockbuster games in one epic experience.

Campaign: Featuring Halo: Reach, Halo: Combat Evolved Anniversary, Halo 2: "
C125W9BG2K0V,UnknownID_C125W9BG2K0V,60.0,,,Опис недоступний / No description.
9PF528M6CRHQ,Call of Duty®: Black Ops 6 - Cross-Gen Bundle,42.0,,,"🎮 Microsoft StoreIncludes:

- Cross Gen Bundle of Call of Duty®: Black Ops 6
-- Includes Xbox One and Xbox Series X|S versions of the game

Forced to go rogue. Hunted from within. This is Call of Duty"
9NHDJC0NW20M,UnknownID_9NHDJC0NW20M,66.0,,,Опис недоступний / No description.
9MSVPJCHHRPR,UnknownID_9MSVPJCHHRPR,68.0,,,Опис недоступний / No description.
C2WKJJ9F5936,Fable II,82.0,,,"🎮 Microsoft StoreThis game supports English.Download Fable II, the best-selling action role-playing game, in which you take on the role of a Hero in the fully realised land of Albion. Play through an "
9PHPDGTRVGGL,UnknownID_9PHPDGTRVGGL,0.0,,,Опис недоступний / No description.
9N3DKKRHSJBT,UnknownID_9N3DKKRHSJBT,44.0,,,Опис недоступний / No description.
C0SWGV4560W1,Perfect Dark,0.0,,,"🎮 Microsoft Store(Online Interactions Not Rated by the ESRB) Buy the full version of Perfect Dark to unlock the classic package in its entirety. Experience every twist of the story, every stray bullet"
9NGH1FK0RJGL,UnknownID_9NGH1FK0RJGL,74.0,,,Опис недоступний / No description.
C2P985H1H42H,Fuzion Frenzy®,74.0,,,"🎮 Microsoft StorePlayers: 1-4, Multiplayer Versus. GAME-PLAY ALERT: This game has been fully tested to successfully play on your Xbox 360 console. However, in some cases, you may see some minor irregu"
9PDCN8Z4HKRN,UnknownID_9PDCN8Z4HKRN,60.0,,,Опис недоступний / No description.
9P1P5Q3BNM7J,UnknownID_9P1P5Q3BNM7J,20.0,,,Опис недоступний / No description.
9PC288TN7R8K,UnknownID_9PC288TN7R8K,100.0,,,Опис недоступний / No description.
9MWXF3SRD7QN,UnknownID_9MWXF3SRD7QN,88.0,,,Опис недоступний / No description.
9MXMZ39GVHPG,Brawlhalla,0.0,,,"🎮 Microsoft StoreAn epic platform fighter for up to 8 players online or locally. Try casual free-for-alls, ranked matches, or invite friends to a private room. And it's free! Play cross-platform with "
9P1VK0ZCQGND,UnknownID_9P1VK0ZCQGND,0.0,,,Опис недоступний / No description.
9PB3GGBSG27C,NHL® 25 Xbox Series X|S,48.0,,,"🎮 Microsoft StoreEA SPORTS™ NHL® 25 is powered by ICE-Q, a new gameplay intelligence system that gives you the time and space to control every inch of the ice. Next-Gen Vision Control allows you to wa"
9P3PL76N0KWZ,UnknownID_9P3PL76N0KWZ,90.0,,,Опис недоступний / No description.
9PHGK0538TXM,UnknownID_9PHGK0538TXM,66.0,,,Опис недоступний / No description.
C17GQF31D617,INSIDE,98.0,,,"🎮 Microsoft StoreDiscover Playdead's unique indie adventure game Inside, a dark, narrative-driven platformer combining intense action with challenging puzzles. It has received critical acclaim for its"
9N71WRL15FJ0,UnknownID_9N71WRL15FJ0,20.0,,,Опис недоступний / No description.
BT9FFLG51VVG,UnknownID_BT9FFLG51VVG,86.0,,,Опис недоступний / No description.
9N2PS831S84N,UnknownID_9N2PS831S84N,74.0,,,Опис недоступний / No description.
9N661LCNBH8J,Far Cry® 6,0.0,24.56,2021,"🎮 Microsoft StoreWelcome to Yara, a tropical paradise frozen in time. As the dictator of Yara, Antón Castillo is intent on restoring his nation to its former glory by any means necessary, with his son"
9NJ5WV40PD08,UnknownID_9NJ5WV40PD08,66.0,,,Опис недоступний / No description.
9N93V5M3TG4N,UnknownID_9N93V5M3TG4N,66.0,,,Опис недоступний / No description.
BXZWT67JBZJH,Warhammer: Vermintide 2,60.0,,,🎮 Microsoft StoreWarhammer: Vermintide 2 is the sequel to the critically acclaimed Warhammer: End Times - Vermintide. Fight together with your friends against the forces of Chaos and Skaven in this ep
C4LLMHFQ1BXQ,Wolfenstein® II: The New Colossus™,76.0,,,"🎮 Microsoft StoreWolfenstein® II: The New Colossus™ is the highly anticipated sequel to the critically acclaimed, Wolfenstein®: The New Order™ developed by the award-winning studio MachineGames. An ex"
9MXRG5GCRPXZ,UnknownID_9MXRG5GCRPXZ,64.0,,,Опис недоступний / No description.
C0VQBXFNZ1Q0,The Walking Dead: The Final Season - The Complete Season,100.0,,,"🎮 Microsoft StoreClementine, now a fierce and capable survivor, has reached the final chapter in her journey. After years on the road facing threats both living and dead, a secluded school might final"
9NCT87FKQ4GM,UnknownID_9NCT87FKQ4GM,100.0,,,Опис недоступний / No description.
9N116V0599HB,UnknownID_9N116V0599HB,84.0,,,Опис недоступний / No description.
9NKK6CX54183,UnknownID_9NKK6CX54183,0.0,,,Опис недоступний / No description.
9NCJSXWZTP88,UnknownID_9NCJSXWZTP88,64.0,,,Опис недоступний / No description.
BQ9T0JF0D3L4,Wasteland 3,100.0,,,"🎮 Microsoft StoreIn Wasteland 3 the fate of Arizona depends on the fate of Colorado. You’re a Desert Ranger, fighting a losing battle to keep your beloved Arizona alive, when the self-proclaimed Patri"
BSJG7TTSWVJ2,Banjo-Kazooie,100.0,,,🎮 Microsoft Store(Online Interactions Not Rated by the ESRB) The bear and bird's first ever outing available in full. Loads of rollicking fun to be had here and with the legendary Stop N Swop feature 
9MTGVHF37DFK,UnknownID_9MTGVHF37DFK,82.0,,,Опис недоступний / No description.
BSHMMGRP84N4,Gears of War: Judgment,86.0,,,"🎮 Microsoft StoreThe Games on the Demand version supports English, French, Spanish, Chinese, Korean, Japanese, Polish, and Czech. Download the manual for this game by locating the game on http://marke"
BX3JNK07Z6QK,Fallout: New Vegas,96.0,,,"🎮 Microsoft StoreDownload the manual for this game by locating the game on http://marketplace.xbox.com and selecting “See Game Manual"". Experience all the sights and sounds of fabulous New Vegas, brou"
9N74SVVP5FS4,UnknownID_9N74SVVP5FS4,0.0,,,Опис недоступний / No description.
9NKX70BBCDRN,Forza Horizon 5 Standard Edition,88.0,,,"🎮 Microsoft StoreYour Ultimate Horizon Adventure awaits! Explore the vibrant and ever-evolving open world landscapes of Mexico with limitless, fun driving action in hundreds of the world’s greatest ca"
9PBWWQGXVMKC,UnknownID_9PBWWQGXVMKC,100.0,,,Опис недоступний / No description.
BPNDKQN84N6L,Quantum Break,92.0,,,"🎮 Microsoft StoreIn the aftermath of a split second of destruction that fractures time itself, two people find they have changed and gained extraordinary abilities. One of them travels through time an"
C3B1V55CDL0C,Brawlhalla,52.0,,,"🎮 Microsoft StoreAn epic platform fighter for up to 8 players online or locally. Try casual free-for-alls, ranked matches, or invite friends to a private room. And it's free! Play cross-platform with "
9P0302F6V9VT,Orcs Must Die! Deathtrap,100.0,,,"🎮 Microsoft StoreГра «Orcs Must Die! Deathtrap» — це поєднання стратегічного обходження пасток із хаотичними бійками від третьої особи. Вам буде цікаво проходити цю гру знову й знову, нарощуючи силу с"
BWMQL2RPWBHB,UnknownID_BWMQL2RPWBHB,92.0,,,Опис недоступний / No description.
9NT4X7P8B9NB,State of Decay 2: Juggernaut Edition,90.0,,,"🎮 Microsoft StoreThe dead have risen and civilization has fallen. Not even the military could stop the zombies, and now it's up to you to gather survivors, scavenge for resources and build a community"
9P8XKV2D5DZ5,UnknownID_9P8XKV2D5DZ5,82.0,,,Опис недоступний / No description.
9NW7G97J9S6X,UnknownID_9NW7G97J9S6X,0.0,,,Опис недоступний / No description.
C4VLMWJWM7BG,South Park™: The Fractured but Whole™,94.0,,,"🎮 Microsoft StoreDownload the trial now to try South Park The Fractured But Whole for free! Create your own superhero and unveil the darkest conspiracy South Park has ever faced!

From the creators of"
9PK4B09SMN5C,UnknownID_9PK4B09SMN5C,96.0,,,Опис недоступний / No description.
9NRXKRVCGRNM,UnknownID_9NRXKRVCGRNM,0.0,,,Опис недоступний / No description.
9NHMR19TS1M0,UnknownID_9NHMR19TS1M0,68.0,,,Опис недоступний / No description.
BXVQ8M4J9HNM,UnknownID_BXVQ8M4J9HNM,78.0,,,Опис недоступний / No description.
9PMBB7NGHV95,Senua’s Saga: Hellblade II,84.0,,,"🎮 Microsoft StoreПродовження титулованої гри Hellblade: Senua's Sacrifice. Сенуа повертається і бореться за виживання, зустрічаючись із легендами та жахами Острова вікінгів. Щоб врятувати тих, хто ста"
9PPN49GPNH5M,UnknownID_9PPN49GPNH5M,40.0,,,Опис недоступний / No description.
9P5H37NXML9D,UnknownID_9P5H37NXML9D,20.0,,,Опис недоступний / No description.
BZ6W9LRPC26W,Control,64.0,,,"🎮 Microsoft StoreAfter a secretive agency in New York is invaded by an otherworldly threat, you become the new Director struggling to regain Control.

From developer Remedy Entertainment, this superna"
9NC0071DJ6XC,UnknownID_9NC0071DJ6XC,0.0,,,Опис недоступний / No description.
9MZNS9NZ97PF,UnknownID_9MZNS9NZ97PF,84.0,,,Опис недоступний / No description.
9NVRJS95FLM9,UnknownID_9NVRJS95FLM9,100.0,,,Опис недоступний / No description.
C4Z7QM8FSXM2,Hellblade: Senua's Sacrifice,92.0,,,"🎮 Microsoft StoreFrom the makers of Heavenly Sword, Enslaved: Odyssey to the West, and DmC: Devil May Cry, comes a warrior’s brutal journey into myth and madness.

Set in the Viking age, a broken Celt"
BTBWBGKPKS97,The Cave,60.0,,,"🎮 Microsoft Store""The Cave is a new adventure game from Monkey Island and Maniac Mansion creator Ron Gilbert, and Double Fine Productions, the award-winning studio behind Psychonauts and Brütal Legend"
BP73LMGB1DFD,Dead Space™ 3,92.0,,,🎮 Microsoft StoreDead Space 3 brings Isaac Clarke and merciless soldier John Carver on a journey across space to discover the source of the Necromorph outbreak. Crash-landed on the frozen planet of Ta
BSXSL6WBJ0V7,Viva Piñata,0.0,,,🎮 Microsoft StoreDisclaimer: Piñatas can no longer be sent and received between users.(Online Interactions Not Rated by the ESRB) Download the manual for this game by locating the game on http://marke
C3553MB4P5TT,Lara Croft and the Temple of Osiris,96.0,,,"🎮 Microsoft StoreLara Croft and the Temple of Osiris is the sequel to the critically acclaimed Lara Croft and the Guardian of Light. This all-new adventure takes place in the Temple of Osiris, hidden "
9P6W46XMDJM5,UnknownID_9P6W46XMDJM5,82.0,,,Опис недоступний / No description.
BS9SX4Q6XJRF,Dragon Age: Origins,98.0,,,"🎮 Microsoft StoreFrom the makers of Mass Effect comes the dark fantasy epic: You are a Grey Warden, one of the last of a legendary order of guardians. With the return of mankind's ancient foe and the "
9PLNGNZVB1ZP,UnknownID_9PLNGNZVB1ZP,80.0,,,Опис недоступний / No description.
C26K4DVGR45B,Rayman Legends,98.0,,,"🎮 Microsoft StoreThe Glade of Dreams is in trouble once again! During a 100-year nap, the nightmares multiplied and spread, creating new monsters even more terrifying than before! These creatures are "
BNRH7BRC1D02,Plants vs. Zombies™ Garden Warfare 2,70.0,,,"🎮 Microsoft StoreThe battle for suburbia grows to crazy new heights in Plants vs. Zombies™ Garden Warfare 2! In this hilarious, action-packed shooter, zombie leader Dr. Zomboss has strengthened his ho"
9NCZ8W65H33V,UnknownID_9NCZ8W65H33V,0.0,,,Опис недоступний / No description.
9PMX3SK2RMG4,OddBallers™,60.0,,,"🎮 Microsoft StoreUse brutally unfair tactics to mess with your opponents in this wacky multiplayer party game! 

• Play a new type of hard-hitting dodgeball
Dodge, block, and grab whatever you can to "
9P75CBJ9WT9W,UnknownID_9P75CBJ9WT9W,92.0,,,Опис недоступний / No description.
BPV4GXTDCNSH,Wolfenstein: The Old Blood,66.0,,,"🎮 Microsoft StoreWolfenstein: The Old Blood is a standalone prequel to the critically acclaimed first-person action-adventure shooter, Wolfenstein: The New Order. The adventure, which spans eight chap"
BQVQTL3PCH05,No Man's Sky,86.0,,,"🎮 Microsoft StoreNo Man’s Sky comes complete with all 29 major updates up to and including Worlds Part I.

Inspired by the adventure and imagination that we love from classic science-fiction, No Man's"
9P76MMJG50DS,UnknownID_9P76MMJG50DS,46.0,,,Опис недоступний / No description.
9MSRG7MN6SP6,UnknownID_9MSRG7MN6SP6,80.0,,,Опис недоступний / No description.
9MW715J1P29D,UnknownID_9MW715J1P29D,78.0,,,Опис недоступний / No description.
9NGLST31DG26,UnknownID_9NGLST31DG26,78.0,,,Опис недоступний / No description.
9P9VNSQK1W3K,UnknownID_9P9VNSQK1W3K,94.0,,,Опис недоступний / No description.
9PK09BL31FK1,UnknownID_9PK09BL31FK1,60.0,,,Опис недоступний / No description.
9PB301R051CQ,UnknownID_9PB301R051CQ,100.0,,,Опис недоступний / No description.
9NPDN9R45JX4,UnknownID_9NPDN9R45JX4,86.0,,,Опис недоступний / No description.
9PD5W1TZ6GWC,UnknownID_9PD5W1TZ6GWC,70.0,,,Опис недоступний / No description.
9PF3MC3V9Q27,UnknownID_9PF3MC3V9Q27,96.0,,,Опис недоступний / No description.
BW85KQB8Q31M,Ori and the Blind Forest: Definitive Edition,58.0,,,"🎮 Microsoft StoreNEW IN THE DEFINITIVE EDITION
• Packed with new and additional content: New areas, new secrets, new abilities, more story sequences, multiple difficulty modes, full backtracking suppo"
9NSRHJ8DJT2M,UnknownID_9NSRHJ8DJT2M,0.0,,,Опис недоступний / No description.
9P74C0WC1KW8,UnknownID_9P74C0WC1KW8,84.0,,,Опис недоступний / No description.
9N6PHQ93Z451,UnknownID_9N6PHQ93Z451,0.0,,,Опис недоступний / No description.
9N72G399183F,UnknownID_9N72G399183F,86.0,,,Опис недоступний / No description.
9P30BFHZ1BKN,UnknownID_9P30BFHZ1BKN,84.0,,,Опис недоступний / No description.
9NG06CSMM97P,UnknownID_9NG06CSMM97P,60.0,,,Опис недоступний / No description.
9N3LGKGF3CC2,UnknownID_9N3LGKGF3CC2,96.0,,,Опис недоступний / No description.
9P96BJ164SL8,UnknownID_9P96BJ164SL8,0.0,,,Опис недоступний / No description.
9NZG72SH3H4W,UnknownID_9NZG72SH3H4W,68.0,,,Опис недоступний / No description.
BW3T6SNS15BH,RESIDENT EVIL 3 for Xbox,84.0,,,"🎮 Microsoft Store- This game does not support Xbox Play Anywhere. In order to play on Windows, you must purchase the Windows version separately.
- Please note that the Windows version of Resident Evil"
9N6WN0ZHZQ6W,UnknownID_9N6WN0ZHZQ6W,76.0,,,Опис недоступний / No description.
9PDKDBQGG2N2,UnknownID_9PDKDBQGG2N2,52.0,,,Опис недоступний / No description.
9NZQPT0MWTD0,Asphalt Legends,92.0,,,"🎮 Microsoft StoreSpark your competitive soul with Asphalt Legends and feel the collective heartbeat of the road! Join forces with other players to speed through intense arcade races, perform jaw-dropp"
9P7PF6ZP3958,UnknownID_9P7PF6ZP3958,78.0,,,Опис недоступний / No description.
BNQQ3WVBNZCQ,UnknownID_BNQQ3WVBNZCQ,94.0,,,Опис недоступний / No description.
9NRHQLZX3900,UnknownID_9NRHQLZX3900,54.0,,,Опис недоступний / No description.
9PJ8CKFDWWLF,UnknownID_9PJ8CKFDWWLF,0.0,,,Опис недоступний / No description.
9P5QJK6XFF7Q,UnknownID_9P5QJK6XFF7Q,0.0,,,Опис недоступний / No description.
9N0H62KZ3BXV,UnknownID_9N0H62KZ3BXV,0.0,,,Опис недоступний / No description.
9NP4BGBLLLXM,UnknownID_9NP4BGBLLLXM,94.0,,,Опис недоступний / No description.
BQQKG9H2STC0,UnknownID_BQQKG9H2STC0,94.0,,,Опис недоступний / No description.
9PL427M642BV,UnknownID_9PL427M642BV,0.0,,,Опис недоступний / No description.
9PDDP6ML6XHF,UnknownID_9PDDP6ML6XHF,76.0,,,Опис недоступний / No description.
C4DMGRPNSHXG,WATCH_DOGS™,80.0,,,"🎮 Microsoft StorePlay as Aiden Pearce, a brilliant hacker, whose criminal past led to a violent family tragedy. Now on the hunt for those who hurt your family, monitor and hack all who surround you by"
9WZDNCRFHWFH,Halo: Spartan Assault,0.0,4.14,,🎮 Microsoft StoreHalo: Spartan Assault brings the excitement of Halo combat to touch-based devices for the very first time. Battle your way through 30 action-packed missions against the Covenant as yo
9N4WHFF9HJ7H,UnknownID_9N4WHFF9HJ7H,0.0,,,Опис недоступний / No description.
9NXVC0482QS5,UnknownID_9NXVC0482QS5,100.0,,,Опис недоступний / No description.
9P7LVXNVQ6K7,UnknownID_9P7LVXNVQ6K7,70.0,,,Опис недоступний / No description.
9PCJT6TLCGGV,UnknownID_9PCJT6TLCGGV,84.0,,,Опис недоступний / No description.
BRJLJ6RPLQTJ,Dead Space (2008),100.0,,,"🎮 Microsoft StoreDownload the manual for this game by locating the game on http://marketplace.xbox.com and selecting “See Game Manual"""". When an immense mining ship, the USG Ishimura, comes into conta"
9NV8W1KJSQLL,UnknownID_9NV8W1KJSQLL,26.0,,,Опис недоступний / No description.
9NRLRJPV4HWL,UnknownID_9NRLRJPV4HWL,66.0,,,Опис недоступний / No description.
C4HZC7LJG6PX,Plants vs. Zombies: Battle for Neighborville™,68.0,,,"🎮 Microsoft StoreWelcome to Neighborville, where all is well. Except that a crazy new coniferous conflict between brain-less and botanicals is brewing! What are you gonna do – call the crops? Soil you"
9NK1FQJ1SMCB,UnknownID_9NK1FQJ1SMCB,0.0,,,Опис недоступний / No description.
9MWGGC7JH35B,UnknownID_9MWGGC7JH35B,0.0,,,Опис недоступний / No description.
9PFRTPRQ569Q,UnknownID_9PFRTPRQ569Q,74.0,,,Опис недоступний / No description.
9NMCRMS6WN78,UnknownID_9NMCRMS6WN78,0.0,,,Опис недоступний / No description.
9PJ06TZX4NMH,Zoo Tycoon: Ultimate Animal Collection,76.0,,,"🎮 Microsoft Store* Windows 10 Version 10.0.16299 or higher required for online multiplayer.
The wildly popular Zoo Tycoon series gets fully-remastered and set to crank up the excitement, challenge, an"
9N5JRWWGMS1R,UnknownID_9N5JRWWGMS1R,100.0,,,Опис недоступний / No description.
9PGZ346PSLN0,UnknownID_9PGZ346PSLN0,80.0,,,Опис недоступний / No description.
9NTB0ZG811GR,The Crew Motorfest - Xbox Series X|S,60.0,,,"🎮 Microsoft StoreThis product entitles you to download both the digital Xbox One version and the digital Xbox Series X|S version of this game.

TRY THE CREW MOTORFEST FOR FREE!
Grab your ticket to Mot"
9PHTX5QZ035T,UnknownID_9PHTX5QZ035T,60.0,,,Опис недоступний / No description.
9N9C9KTPXL3X,UnknownID_9N9C9KTPXL3X,20.0,,,Опис недоступний / No description.
9P7M1VCXKQVD,UnknownID_9P7M1VCXKQVD,76.0,,,Опис недоступний / No description.
BNSDHDK45KBR,UNO™,40.0,,,"🎮 Microsoft StoreStep into one of the most beloved card games that we all grew up with! Match cards by color, number, or symbol, play action cards to spice things up, and race against others to empty "
BPR2TBS2KMQJ,We Happy Few,60.0,,,🎮 Microsoft StoreWe Happy Few is the tale of a plucky bunch of moderately terrible people trying to escape from a lifetime of cheerful denial in the city of Wellington Wells. In this alternative 1960s
9NNFG8BQRCXL,Call of Duty®: Warzone™,68.0,,,"🎮 Microsoft StoreWelcome to Call of Duty®: Warzone™, the massive free-to-play combat arena. Experience thrilling modes & new gameplay features in Verdansk and Rebirth Island.

Haven's Hollow Debuts in"
BTQMHK78ZPF9,LIMBO,92.0,,,"🎮 Microsoft StoreUncertain of his sister's fate, a boy enters LIMBO"
9P8H220G3S4P,UnknownID_9P8H220G3S4P,44.0,,,Опис недоступний / No description.
BPQZT43FWD49,Gang Beasts,88.0,,,"🎮 Microsoft StoreGang Beasts is a silly multiplayer party game with surly gelatinous characters, brutal slapstick fight sequences, and absurd hazardous environments, set in the mean streets of Beef Ci"
9PJGM0T0827V,UnknownID_9PJGM0T0827V,60.0,,,Опис недоступний / No description.
BPPR6D5C2GLF,Trials of the Blood Dragon,0.0,,,"🎮 Microsoft Store2019 - NOW
In a world where Blood Dragons, beasts of unknown origin, roam free.
In a time where the future is not what it used to be, there's a man.
No, wait..
There's a boy.. and a g"
BT3KQ8HLLZ6K,Starlink: Battle for Atlas™,20.0,,,"🎮 Microsoft StoreIn Starlink: Battle for Atlas, lead a group of interstellar pilots as you build your own starship, explore the Atlas star system, and battle the vile Grax and his Forgotten Legion.

I"
9PG8TV30NN9H,UnknownID_9PG8TV30NN9H,96.0,,,Опис недоступний / No description.
C4GH8N6ZXG5L,Cities: Skylines - Xbox One Edition,80.0,,,"🎮 Microsoft StoreCities: Skylines – Xbox One Edition puts you in charge of a growing city – from the ground-breaking of its first streets to the ever-changing needs of thousands of citizens. Design, b"
9PLFD17M47K3,UnknownID_9PLFD17M47K3,0.0,,,Опис недоступний / No description.
9P5X4QVLC2XR,UnknownID_9P5X4QVLC2XR,78.0,,,Опис недоступний / No description.
9WZDNCRFJBFJ,Halo: Spartan Strike,0.0,,,🎮 Microsoft StoreHalo: Spartan Strike makes you a new Spartan recruit battling evil forces in this touch-based top-down shooter. Be the Spartan and deny your foes the conquest of Earth. Encounter Prom
9PP837L3Q75D,UnknownID_9PP837L3Q75D,60.0,,,Опис недоступний / No description.
9NDV7FRVD7ML,UnknownID_9NDV7FRVD7ML,0.0,,,Опис недоступний / No description.
9N77QBDKKM4C,UnknownID_9N77QBDKKM4C,20.0,,,Опис недоступний / No description.
9N1BZS0V3K0C,UnknownID_9N1BZS0V3K0C,88.0,,,Опис недоступний / No description.
9NT0NT8JQMQN,UnknownID_9NT0NT8JQMQN,0.0,,,Опис недоступний / No description.
BQ9Q620NC614,Child of Light,100.0,,,"🎮 Microsoft StoreChild of Light is an adventure inspired by fairy tales. The story takes us on the coming-of-age journey of Aurora, the daughter of a duke, who is transported to the fantastic world of"
9NP6V9LFVJ87,UnknownID_9NP6V9LFVJ87,0.0,,,Опис недоступний / No description.
9NCLP4LV5K7Z,UnknownID_9NCLP4LV5K7Z,76.0,,,Опис недоступний / No description.
9NH5HN11FG4M,UnknownID_9NH5HN11FG4M,78.0,,,Опис недоступний / No description.
BQ1W1T1FC14W,UnknownID_BQ1W1T1FC14W,80.0,,,Опис недоступний / No description.
C5HHPG1TXDNG,Psychonauts,100.0,,,🎮 Microsoft StoreThis classic action/adventure platformer from acclaimed developers Double Fine Productions follows the story of a young psychic named Razputin. In his quest to join the Psychonauts--a
9P8X98F4BDC9,UnknownID_9P8X98F4BDC9,0.0,,,Опис недоступний / No description.
9NBLGGH4PBBM,Gears of War 4,92.0,,,"🎮 Microsoft StoreSupports Xbox Play Anywhere: yours to play on both Xbox One and Windows 10 PC at no additional cost.

A new saga begins for one of the most acclaimed video game franchises in history."
C2DCJ95ZXBMS,RAGE 2,96.0,,,"🎮 Microsoft StoreAn asteroid has annihilated 80% of the earth’s population, and humanity’s numbers are dwindling. Ruthless and bloodthirsty gangs roam the open roads and the tyrannical Authority seek "
9PJBKF27C16M,UnknownID_9PJBKF27C16M,88.0,,,Опис недоступний / No description.
9P8PS6993LSL,UnknownID_9P8PS6993LSL,70.0,,,Опис недоступний / No description.
9NSDM7MBGG8L,UnknownID_9NSDM7MBGG8L,60.0,,,Опис недоступний / No description.
BPKDQSSFQ9WV,Gears of War 3,100.0,,,"🎮 Microsoft Store(Online Interactions Not Rated by the ESRB)The Games on Demand version supports English, French. Download the manual for this game by locating the game on http://marketplace.xbox.com "
9P4NV23Q6QC2,UnknownID_9P4NV23Q6QC2,90.0,,,Опис недоступний / No description.
9N0P25WJHM8C,UnknownID_9N0P25WJHM8C,86.0,,,Опис недоступний / No description.
9N14G09PWG74,UnknownID_9N14G09PWG74,60.0,,,Опис недоступний / No description.
BXVCFBJBNS17,The Elder Scrolls III: Morrowind,96.0,,,"🎮 Microsoft StoreThe Elder Scrolls III: Morrowind is an epic, open-ended single-player game where you create and play any kind of character you can imagine. Your actions define your character, and you"
C521HDXRTS7F,Wasteland 2: Director's Cut,0.0,,,"🎮 Microsoft StoreFrom the Producer of the original Fallout comes Wasteland 2, the sequel to the first-ever post-apocalyptic computer RPG.

The Wasteland's hellish landscape is waiting for you to make "
9N9DKMNL85XZ,UnknownID_9N9DKMNL85XZ,0.0,,,Опис недоступний / No description.
9NVC9KWJVLT0,UnknownID_9NVC9KWJVLT0,80.0,,,Опис недоступний / No description.
9N51FH42VQDS,NINJA GAIDEN 2 Black,78.0,,,"🎮 Microsoft StoreTake on the role of Ryu Hayabusa, a ninja who has inherited the legendary “Dragon Sword” and takes on battles across the world, in this graphic remaster of the popular high-speed ninj"
9MSVVM5NS9L6,UnknownID_9MSVVM5NS9L6,90.0,,,Опис недоступний / No description.
9N2GWLMCHJTN,UnknownID_9N2GWLMCHJTN,0.0,,,Опис недоступний / No description.
BPMJ413V6BB2,Assassin's Creed® III Remastered,76.0,,,"🎮 Microsoft StoreAssassin's Creed® III Remastered is included for free in Assassin's Creed® Odyssey Season Pass.

Relive the American Revolution or experience it for the first time in Assassin's Creed"
9NNRCR6MBNDR,UnknownID_9NNRCR6MBNDR,50.0,,,Опис недоступний / No description.
9P7T44TTDL7M,RESIDENT EVIL 3 for Windows,80.0,,,"🎮 Microsoft Store- This game does not support Xbox Play Anywhere. In order to play on Xbox, you must purchase the Xbox version separately.
- Please note that the Windows version of Resident Evil 3 doe"
9NS84HCWZD8B,UnknownID_9NS84HCWZD8B,100.0,,,Опис недоступний / No description.
9P4D0K92BM7V,UnknownID_9P4D0K92BM7V,82.0,,,Опис недоступний / No description.
9PDWSL3BZ6WS,UnknownID_9PDWSL3BZ6WS,0.0,,,Опис недоступний / No description.
9N3B9B7CSX3C,UnknownID_9N3B9B7CSX3C,0.0,,,Опис недоступний / No description.
BR74RLMH966K,Costume Quest,40.0,,,"🎮 Microsoft StoreRediscover Halloween in this imaginative RPG from Tim Schafer's Double Fine Productions. Explore the monster-filled neighborhood of Auburn Pines, Autumn Haven Mall and Fall Valley Car"
9N2SB04LKPFP,UnknownID_9N2SB04LKPFP,0.0,,,Опис недоступний / No description.
9NMS4SFNBGBH,Dead by Daylight Windows,94.0,,,"🎮 Microsoft StoreDeath Is Not an Escape.

Trapped forever in a realm of eldritch evil where even death is not an escape, four determined Survivors face a bloodthirsty Killer in a vicious game of nerve"
9MZN3SMXN824,UnknownID_9MZN3SMXN824,100.0,,,Опис недоступний / No description.
BPL68T0XK96W,Battlefield™ 1 Revolution,0.0,,,"🎮 Microsoft StoreConquer the Entire Great War.

Games Critics Awards Best of E3 2016: Best Action Game
gamescom Best Action Game award winner 2016

Join the strong Battlefield community and jump into "
9NBLGGH3SHM5,UnknownID_9NBLGGH3SHM5,76.0,,,Опис недоступний / No description.
BSMZH25V6V46,UnknownID_BSMZH25V6V46,68.0,,,Опис недоступний / No description.
9MZ8B96NDG1T,UnknownID_9MZ8B96NDG1T,30.0,,,Опис недоступний / No description.
BR03N9C6Z9G6,ZOMBI,30.0,,,"🎮 Microsoft StoreLondon is falling. Are you prepared? The Last Blight is upon us. It was foretold. For the second time in history, a great plague has shrouded London in a fog of death. Big Ben tolls a"
9PLWSGHFQ4PS,UnknownID_9PLWSGHFQ4PS,0.0,,,Опис недоступний / No description.
BVR64CDJ01FJ,Banjo Kazooie: N n B,20.0,,,"🎮 Microsoft StoreThe Games on Demand version supports English, French, Italian, German, Spanish, Czech, Norwegian, Polish, Russian, Swedish, Japanese, Korean and Chinese. Download the manual for this "
BV0NM309K1TL,Goat Simulator,84.0,,,"🎮 Microsoft StoreGoat Simulator is the latest in goat simulation technology, bringing next-gen goat simulation to YOU. You no longer have to fantasize about being a goat, your dreams have finally come"
9N8N7NZSVTG3,UnknownID_9N8N7NZSVTG3,0.0,,,Опис недоступний / No description.
BR46KM4D5B9L,Fable III,88.0,,,"🎮 Microsoft StoreThe Games on Demand version supports English, Czech, Hungarian, Polish, Russian, Korean, Chinese. (Online Interactions Not Rated by the ESRB) Fable III is the next blockbuster install"
BRMKDCZT0C4L,LEGO® Star Wars™: The Skywalker Saga,74.0,,,"🎮 Microsoft StoreThe galaxy is yours in LEGO® Star Wars™: The Skywalker Saga. Experience memorable moments and nonstop action from all nine Skywalker saga films reimagined with signature LEGO humor. 
"
9NM2T0DMP4XV,UnknownID_9NM2T0DMP4XV,100.0,,,Опис недоступний / No description.
BT5P2X999VH2,Fortnite,78.0,,,"🎮 Microsoft StoreEverything you love, all in Fortnite. 

Drop into the action you love or discover something new with your squad. Be the last player standing in Battle Royale. Get nostalgic in Fortnit"
9NV01PJJLXN2,UnknownID_9NV01PJJLXN2,0.0,,,Опис недоступний / No description.
9P8SQQJ5T94B,UnknownID_9P8SQQJ5T94B,52.0,,,Опис недоступний / No description.
9NL4714VTLRS,UnknownID_9NL4714VTLRS,92.0,,,Опис недоступний / No description.
9P3QS4LX8BM9,Call of Duty®: WWII,64.0,,,"🎮 Microsoft StoreCall of Duty®: WWII - a breathtaking experience that redefines World War II.

Land in Normandy on D-Day and battle across Europe through iconic locations in history’s most monumental "
9P1H8K2V0NNP,UnknownID_9P1H8K2V0NNP,60.0,,,Опис недоступний / No description.
9N6639H7VGH4,UnknownID_9N6639H7VGH4,84.0,,,Опис недоступний / No description.
9NWQ686JB33G,UnknownID_9NWQ686JB33G,56.0,,,Опис недоступний / No description.
9NDJPHS21XXG,UnknownID_9NDJPHS21XXG,0.0,,,Опис недоступний / No description.
9MXK2RSQJQND,UnknownID_9MXK2RSQJQND,96.0,,,Опис недоступний / No description.
C3D891Z6TNQM,Stardew Valley,98.0,,,"🎮 Microsoft StoreYou’ve inherited your grandfather’s old farm plot in Stardew Valley. Armed with hand-me-down tools and a few coins, you set out to begin your new life. Can you learn to live off the l"
9PLVVTDHS1P0,UnknownID_9PLVVTDHS1P0,54.0,,,Опис недоступний / No description.
9PCKZH7M40CK,UnknownID_9PCKZH7M40CK,0.0,,,Опис недоступний / No description.
9N9FR8CSZP56,UnknownID_9N9FR8CSZP56,54.0,,,Опис недоступний / No description.
9MZG3KH0PVZC,UnknownID_9MZG3KH0PVZC,0.0,,,Опис недоступний / No description.
9N86QX607TMR,UnknownID_9N86QX607TMR,0.0,,,Опис недоступний / No description.
9PDV8FKWP3B4,UnknownID_9PDV8FKWP3B4,74.0,,,Опис недоступний / No description.
9P66TM1HLGLX,UnknownID_9P66TM1HLGLX,58.0,,,Опис недоступний / No description.
9PGD71CMDS0Z,UnknownID_9PGD71CMDS0Z,76.0,,,Опис недоступний / No description.
9NDC5LJS839S,UnknownID_9NDC5LJS839S,68.0,,,Опис недоступний / No description.
9P06W7K6Q3C6,UnknownID_9P06W7K6Q3C6,0.0,,,Опис недоступний / No description.
C1ZWH2BZ9TSF,Joy Ride Turbo,92.0,,,"🎮 Microsoft StoreFrom the Kinect Joy Ride creators comes Joy Ride Turbo, a controller-based arcade racer delivering precision handling and crazy stunts with more thrills, speed, & mayhem! In the new S"
9NXMBTB02ZSF,UnknownID_9NXMBTB02ZSF,78.0,,,Опис недоступний / No description.
9PB0GLGXQZ83,UnknownID_9PB0GLGXQZ83,0.0,,,Опис недоступний / No description.
9WZDNCRFHWD2,Microsoft Solitaire Collection,96.0,,,🎮 Microsoft StoreСвяткуймо 30 років РОЗВАГ. Долучайтеся до мільйонів геймерів по всьому світу в одній із найпопулярніших ігор УСІХ ЧАСІВ! Відкрийте для себе КРАЩІ пасьянси Solitaire в одній програмі: 
9PF5Q1B0FHSL,UnknownID_9PF5Q1B0FHSL,82.0,,,Опис недоступний / No description.
9NC4X3LP87TN,UnknownID_9NC4X3LP87TN,50.0,,,Опис недоступний / No description.
9N7GCF5SGCXC,UnknownID_9N7GCF5SGCXC,80.0,,,Опис недоступний / No description.
9PGB72NFG5JN,Overcooked! 2,20.0,,,"🎮 Microsoft StorePlease note that friend invites are not currently supported for online play. This is being investigated and we hope to update the game in due course. Online matchmaking is available.
"
9NSFGM8J6MBJ,UnknownID_9NSFGM8J6MBJ,86.0,,,Опис недоступний / No description.
9NQ26CN8MZ1R,UnknownID_9NQ26CN8MZ1R,0.0,,,Опис недоступний / No description.
9NC781DK18GN,UnknownID_9NC781DK18GN,66.0,,,Опис недоступний / No description.
9PNG83MDD6SH,UnknownID_9PNG83MDD6SH,0.0,,,Опис недоступний / No description.
9PKP39CL0C8D,UnknownID_9PKP39CL0C8D,98.0,,,Опис недоступний / No description.
9PNRSC0J6DT8,UnknownID_9PNRSC0J6DT8,88.0,,,Опис недоступний / No description.
9NWDKGFHMZK3,UnknownID_9NWDKGFHMZK3,0.0,,,Опис недоступний / No description.
9NNHK7K8RV9C,UnknownID_9NNHK7K8RV9C,96.0,,,Опис недоступний / No description.
9NBLGGH5WLR0,Halo Wars: Definitive Edition,20.0,,,"🎮 Microsoft StoreSupports Xbox Play Anywhere: yours to play on both Xbox One and Windows 10 PC at no additional cost.

Halo Wars: Definitive Edition is an enhanced version of the real-time strategy cl"
9NNNMBXFFG4W,UnknownID_9NNNMBXFFG4W,74.0,,,Опис недоступний / No description.
9PMQDM08SNK9,UnknownID_9PMQDM08SNK9,56.0,,,Опис недоступний / No description.
BRRVN5198461,Jetpac Refuelled,0.0,,,"🎮 Microsoft StoreSingle Player, Xbox LIVE Multiplayer 1-2, 5.1 Surround Sound, HD (High Definition). Upgrade to the full version of Jetpac Refuelled to enjoy a wide spectrum of game features. Provides"
9P57SQHVWND7,UnknownID_9P57SQHVWND7,0.0,,,Опис недоступний / No description.
9MVR1G75VX22,UnknownID_9MVR1G75VX22,0.0,,,Опис недоступний / No description.
9NS86BQ33SPX,UnknownID_9NS86BQ33SPX,90.0,,,Опис недоступний / No description.
9N926481VT1Z,Tony Hawk's™ Pro Skater™ 3 + 4 - Cross-Gen Edition,100.0,,,"🎮 Microsoft StoreGet hyped for the legendary franchise to return with Tony Hawk’s™ Pro Skater™ 3 + 4. Everything you loved is back, but revamped with more skaters, new parks, gnarlier tricks, eardrum "
9N92LSHFZ935,UnknownID_9N92LSHFZ935,84.0,,,Опис недоступний / No description.
9PJD2KMX7TZ6,UnknownID_9PJD2KMX7TZ6,80.0,,,Опис недоступний / No description.
9N5DV8310XP7,UnknownID_9N5DV8310XP7,82.0,,,Опис недоступний / No description.
9N0FWWQ94X62,UnknownID_9N0FWWQ94X62,48.0,,,Опис недоступний / No description.
9NPGPDCXWJQ7,The Settlers®: New Allies,100.0,,,"🎮 Microsoft StoreThe Settlers®: New Allies is a strategy game with an in-depth build-up experience and real-time strategic battles.

- Fully reimagined from the ground up, with stunning graphics and d"
9NS3673HVH41,UnknownID_9NS3673HVH41,86.0,,,Опис недоступний / No description.
9NDS24HS4N02,UnknownID_9NDS24HS4N02,74.0,,,Опис недоступний / No description.
9NSL68D814GC,UnknownID_9NSL68D814GC,80.0,,,Опис недоступний / No description.
9NX6K9HN4F4K,UnknownID_9NX6K9HN4F4K,100.0,,,Опис недоступний / No description.
BXRB4ZH2GJHK,Tom Clancy’s Rainbow Six® Extraction,66.0,,,"🎮 Microsoft StoreFor decades, Team Rainbow has been the shield against the worst global threats imaginable. Now, we face the greatest terror yet: a lethal, mutating alien parasite. 
• Includes Buddy P"
9P7RQ1QFFF8R,Call of Duty®: Modern Warfare® II - Standard Edition,0.0,,,"🎮 Microsoft StoreCall of Duty®: Modern Warfare® II drops players into an unprecedented global conflict that features the return of the iconic Operators of Task Force 141. From small-scale, high-stakes"
9NKF2SZ630ZH,UnknownID_9NKF2SZ630ZH,50.0,,,Опис недоступний / No description.
9MT5NJ5W7B8Z,UnknownID_9MT5NJ5W7B8Z,88.0,,,Опис недоступний / No description.
9NCGTG3KR2W9,UnknownID_9NCGTG3KR2W9,100.0,,,Опис недоступний / No description.
9P5F966564FS,UnknownID_9P5F966564FS,64.0,,,Опис недоступний / No description.
9P4LSLG7B8CT,UnknownID_9P4LSLG7B8CT,60.0,,,Опис недоступний / No description.
9PPT8K6GQHRZ,UnknownID_9PPT8K6GQHRZ,84.0,,,Опис недоступний / No description.
9P77PG7DK0W2,UnknownID_9P77PG7DK0W2,72.0,,,Опис недоступний / No description.
BZF7N4FQWHNR,Perfect Dark Zero,80.0,,,"🎮 Microsoft StoreDownload the manual for this game by locating the game on http://marketplace.xbox.com and selecting “See Game Manual"". 2020. Corporations Control Everything. Everyone. Everywhere. Wit"
9NXQPGMR917R,Stellaris,100.0,,,"🎮 Microsoft StoreExplore and discover a spectacular and ever-changing universe! Paradox Development Studio, makers of the Europa Universalis and Crusader Kings series, and publishers of the best-selli"
BNNMLWZRNQF6,UnknownID_BNNMLWZRNQF6,92.0,,,Опис недоступний / No description.
9NQNRZG07H94,UnknownID_9NQNRZG07H94,100.0,,,Опис недоступний / No description.
9PFFBT24PBM0,UnknownID_9PFFBT24PBM0,44.0,,,Опис недоступний / No description.
BZ92FB6PWXFJ,Costume Quest 2,0.0,,,"🎮 Microsoft StoreTrick, treat and pick a fight with villainous dental soldiers in Costume Quest 2, the sweet sequel to Double Fine’s hit original, Costume Quest, that turned fans of all ages into cand"
9N1M64W9XZQ7,UnknownID_9N1M64W9XZQ7,100.0,,,Опис недоступний / No description.
9NFTC552K3GJ,UnknownID_9NFTC552K3GJ,96.0,,,Опис недоступний / No description.
9PB3RHWXB9MR,UnknownID_9PB3RHWXB9MR,58.0,,,Опис недоступний / No description.
9NR0GCBSLDW4,UnknownID_9NR0GCBSLDW4,66.0,,,Опис недоступний / No description.
9P2J5D12GJL5,UnknownID_9P2J5D12GJL5,74.0,,,Опис недоступний / No description.
BNKDKQXMXRR2,Skate 3,90.0,,,🎮 Microsoft StoreThe award winning SKATE™ franchise is back and rolling into new territory as SKATE™ 3 heads to the brand new city of Port Carverton. Get ready to team up and throw down as you build y
9NP6WL1XQDBW,UnknownID_9NP6WL1XQDBW,100.0,,,Опис недоступний / No description.
C40860J5R2MP,UnknownID_C40860J5R2MP,80.0,,,Опис недоступний / No description.
9NBLGGH6CRSZ,Rise of the Tomb Raider,100.0,,,"🎮 Microsoft StoreIs your PC Rise of the Tomb Raider ready? Click ‘More’ to find out!

Join Lara Croft on her first tomb raiding expedition.

After uncovering an ancient mystery, Lara must explore the "
C1DDW4PRF6K5,Far Cry® New Dawn,62.0,,,"🎮 Microsoft StoreDive into a transformed, vibrant, post-apocalyptic Hope County, Montana, 17 years after a global nuclear catastrophe.
Lead the fight against the Highwaymen as they seek to take over t"
9PLSCHRN5715,UnknownID_9PLSCHRN5715,88.0,,,Опис недоступний / No description.
C3L4J3H7H12R,UnknownID_C3L4J3H7H12R,80.0,,,Опис недоступний / No description.
9NGCFDHR2MV3,UnknownID_9NGCFDHR2MV3,74.0,,,Опис недоступний / No description.
9NJRRVNZ8MRJ,UnknownID_9NJRRVNZ8MRJ,0.0,,,Опис недоступний / No description.
9P81K2C8RBF4,UnknownID_9P81K2C8RBF4,20.0,,,Опис недоступний / No description.
9PF432CVQBXT,UnknownID_9PF432CVQBXT,48.0,,,Опис недоступний / No description.
9MZR11JRF7BX,UnknownID_9MZR11JRF7BX,78.0,,,Опис недоступний / No description.
9N464X6CT772,UnknownID_9N464X6CT772,0.0,,,Опис недоступний / No description.
9NL3468NRPBG,UnknownID_9NL3468NRPBG,86.0,,,Опис недоступний / No description.
9P1N07XDL1D4,UnknownID_9P1N07XDL1D4,0.0,,,Опис недоступний / No description.
9MZQR8317S3B,UnknownID_9MZQR8317S3B,30.0,,,Опис недоступний / No description.
C2B4T86TXLRS,UnknownID_C2B4T86TXLRS,70.0,,,Опис недоступний / No description.
9N7TFFRRZCC9,Genshin Impact,86.0,,,"🎮 Microsoft StoreGenshin Impact is an open-world adventure RPG. In the game, set forth on a journey across a fantasy world called Teyvat. In this vast world, you can explore seven nations, meet a dive"
9NCT9L7NFHX7,UnknownID_9NCT9L7NFHX7,34.0,,,Опис недоступний / No description.
BSXLFN5QQZSC,Watch Dogs®2,84.0,,,"🎮 Microsoft StorePlay as Marcus Holloway, a brilliant young hacker living in the birthplace of the tech revolution, the San Francisco Bay Area.
Team up with Dedsec, a notorious group of hackers, to ex"
9NLT5XR52ZS7,Wasteland 3,0.0,,,"🎮 Microsoft StoreIn Wasteland 3 the fate of Arizona depends on the fate of Colorado. You’re a Desert Ranger, fighting a losing battle to keep your beloved Arizona alive, when the self-proclaimed Patri"
9PNKG0WBL61W,UnknownID_9PNKG0WBL61W,56.0,,,Опис недоступний / No description.
9PB7921QZ087,UnknownID_9PB7921QZ087,0.0,,,Опис недоступний / No description.
9MTSBWPWPQVQ,UnknownID_9MTSBWPWPQVQ,0.0,,,Опис недоступний / No description.
BP15SF17LH13,Battlefield 4,62.0,,,"🎮 Microsoft StoreBattlefield 4™ is the genre-defining action blockbuster made from moments that blur the line between game and glory. Fueled by the next-generation power and fidelity of Frostbite™ 3, "
9NQMVR9WL9FW,UnknownID_9NQMVR9WL9FW,68.0,,,Опис недоступний / No description.
9N7358JZPX1Z,UnknownID_9N7358JZPX1Z,82.0,,,Опис недоступний / No description.
9NFPNPLR8VBK,Immortals Fenyx Rising™,0.0,,,"🎮 Microsoft StoreImmortals Fenyx Rising brings grand mythological adventure to life. 

Play as Fenyx, a new, winged demigod, on a quest to save the Greek gods. The fate of the world is at stake – you "
9MZ8RZSD0NFQ,UnknownID_9MZ8RZSD0NFQ,78.0,,,Опис недоступний / No description.
BTJ0T8C04ZBV,Plants vs. Zombies Garden Warfare,90.0,,,"🎮 Microsoft StoreREQUIRES Game Pass Core, SOLD SEPARATELY.

There is a newer release in the Plants vs. Zombies Garden Warfare franchise. Check out the latest release for all new gameplay features.

Pl"
9MT19Q3CRMQZ,UnknownID_9MT19Q3CRMQZ,54.0,,,Опис недоступний / No description.
9N8KMNW6942X,Call of Duty®: Black Ops 7 - Cross-Gen Bundle,32.0,,,"🎮 Microsoft StoreIncludes:

- Cross-Gen Bundle of Call of Duty®: Black Ops 7
-- Includes Xbox Series X|S, Xbox One and Xbox on PC versions of the game

In Call of Duty®: Black Ops 7, Treyarch and Rave"
BVCRSR6XSDW5,Trials Fusion,42.0,,,"🎮 Microsoft StoreTrials is back for even more fun! 

Built upon the Trials franchise’s proven gameplay foundations, Trials Fusion challenges players endlessly in both classic and all-new ways. It meld"
BRJNRZ9N734V,Wreckfest,74.0,,,"🎮 Microsoft StoreWreckfest is jam-packed with upgrade and customization options. Whether you are preparing for your next demolition derby with reinforced bumpers, roll cages, side protectors and much "
9NDX2927SND9,UnknownID_9NDX2927SND9,80.0,,,Опис недоступний / No description.
9MTK0S8CQ0QV,UnknownID_9MTK0S8CQ0QV,100.0,,,Опис недоступний / No description.
9PN3VDFTB5HZ,UnknownID_9PN3VDFTB5HZ,0.0,,,Опис недоступний / No description.
C2PB7STLJGS0,Dead Space™ 2,86.0,,,🎮 Microsoft StoreEngineer Isaac Clarke returns for another blood-curdling adventure in the sequel to the critically acclaimed Dead Space™. After waking from a coma on a massive space city known as “Th
9MZZNL8J2MSZ,Broken Age,0.0,,,"🎮 Microsoft StoreBroken Age is a timeless coming-of-age story of barfing trees and talking spoons. Vella Tartine and Shay Volta are two teenagers in strangely similar situations, but radically differe"
9N1P6T7ZQ2KF,UnknownID_9N1P6T7ZQ2KF,0.0,,,Опис недоступний / No description.
9NF83PRZK6K3,UnknownID_9NF83PRZK6K3,70.0,,,Опис недоступний / No description.
9NV5LTSPHQD2,UnknownID_9NV5LTSPHQD2,100.0,,,Опис недоступний / No description.
9NB6BVL3MTG4,UnknownID_9NB6BVL3MTG4,100.0,,,Опис недоступний / No description.
BRKX5CRMRTC2,The Elder Scrolls® Online,52.0,,,"🎮 Microsoft StoreIncludes The Elder Scrolls Online Base game and the Morrowind Chapter. 

Every legend starts somewhere and in The Elder Scrolls Online, it starts with you. Write your story into a vib"
9N8CD0XZKLP4,UnknownID_9N8CD0XZKLP4,100.0,,,Опис недоступний / No description.
9NBLGGH6H0RV,Quantum Break,46.0,,,"🎮 Microsoft StoreTime is Power in Quantum Break. Click ‘More’ to find out if your PC is powerful enough for Quantum Break.

From Remedy Entertainment, the masters of cinematic action games such as Max"
BRZHFR5XBLQS,Sunset Overdrive,100.0,,,"🎮 Microsoft StoreDon’t miss the game that IGN awarded Best Xbox One Game of 2014, the game that Polygon rated 9 out of 10, and the game that Eurogamer calls “a breath of fresh air.” In Sunset Overdriv"
9MWCF1XBJBR2,UnknownID_9MWCF1XBJBR2,60.0,,,Опис недоступний / No description.
9PC49MD70881,UnknownID_9PC49MD70881,0.0,,,Опис недоступний / No description.
9MVK5W0HMRP7,UnknownID_9MVK5W0HMRP7,100.0,,,Опис недоступний / No description.
9P2KNSPZ9292,Anno 1800™,0.0,,,"🎮 Microsoft StoreWelcome to the dawn of the Industrial Age. Experience one of the most exciting and fast-changing periods of all time in a rich city-building experience.

Discover new technologies, co"
9P36DQX6W9CS,UnknownID_9P36DQX6W9CS,0.0,,,Опис недоступний / No description.
9P8V7HR160B4,UnknownID_9P8V7HR160B4,74.0,,,Опис недоступний / No description.
9ND0JVB184XL,UnknownID_9ND0JVB184XL,90.0,,,Опис недоступний / No description.
9PD0Z90216RJ,UnknownID_9PD0Z90216RJ,42.0,,,Опис недоступний / No description.
9N42SSSX2MTG,UnknownID_9N42SSSX2MTG,80.0,,,Опис недоступний / No description.
9N7V5R3VLMJZ,UnknownID_9N7V5R3VLMJZ,100.0,,,Опис недоступний / No description.
C3KLDKZBHNCZ,UnknownID_C3KLDKZBHNCZ,54.0,,,Опис недоступний / No description.
9P0NPLQ9P1DB,UnknownID_9P0NPLQ9P1DB,68.0,,,Опис недоступний / No description.
9N436FQM30HX,UnknownID_9N436FQM30HX,62.0,,,Опис недоступний / No description.
9MZHXGGM7HDJ,UnknownID_9MZHXGGM7HDJ,0.0,,,Опис недоступний / No description.
9P7SL78VHVMF,Ni no Kuni Wrath of the White Witch™ Remastered,100.0,,,"🎮 Microsoft StoreJourney back to the other world in Ni no Kuni: Wrath of the White Witch Remastered. LEVEL-5’s classic tale returns better than ever, with improved graphics and performance. Join Olive"
9N1XDDL50X5F,Riders Republic™,0.0,,,"🎮 Microsoft StoreJump into the Riders Republic™ massive multiplayer playground! Grab your bike, skis, snowboard, or wingsuit and explore an open world sports paradise where the rules are yours to make"
9PD9SZGNCMDZ,UnknownID_9PD9SZGNCMDZ,78.0,,,Опис недоступний / No description.
9P008L2LS87F,UnknownID_9P008L2LS87F,80.0,,,Опис недоступний / No description.
BXQQQQ8HRBSF,Assassin's Creed® Chronicles: Russia,100.0,,,🎮 Microsoft StoreExperience the thrill of being a master Assassin in 2.5D. Sneak and hide to avoid detection and fool enemies using whistles and disguises.
9PBBQHX6V3PJ,UnknownID_9PBBQHX6V3PJ,58.0,,,Опис недоступний / No description.
C3SQQG5Q6Z64,Trackmania® Turbo,20.0,,,"🎮 Microsoft StoreAvailable for the first time on Xbox One, Trackmania offers you the ultimate arcade racing universe.
Test your skills in outlandish tracks and challenge your friends at home (offline "
BQ4M1XWXFKHB,ScreamRide,60.0,,,"🎮 Microsoft StoreThis game features stunning high definition graphics, hundreds of customizable building components, physics-based destruction, cinematic collisions, unlockable levels, in-game leaderb"
9PF9FQGH89WM,I Am Your Beast,88.0,,,"🎮 Microsoft StoreHunt the military-industrial complex across stylish comic book micro-sandboxes in this fast-paced covert revenge thriller FPS from the developers of El Paso, Elsewhere."
9N4M72L6KGC8,UnknownID_9N4M72L6KGC8,70.0,,,Опис недоступний / No description.
9MW9469V91LM,UnknownID_9MW9469V91LM,96.0,,,Опис недоступний / No description.
9MW1V43D3VZN,UnknownID_9MW1V43D3VZN,50.0,,,Опис недоступний / No description.
9PB14LD018SM,UnknownID_9PB14LD018SM,40.0,,,Опис недоступний / No description.
9NJCVGS6T30K,UnknownID_9NJCVGS6T30K,88.0,,,Опис недоступний / No description.
9N3KQH8183GD,Young Suns (Game Preview),42.0,,,"🎮 Microsoft StoreThis game is a work in progress. It may or may not change over time or release as a final product. Purchase only if you are comfortable with the current state of the unfinished game.
"
9PKF2LDFPXTN,UnknownID_9PKF2LDFPXTN,74.0,,,Опис недоступний / No description.
BVTKN6CQ8W5F,UnknownID_BVTKN6CQ8W5F,74.0,,,Опис недоступний / No description.
9NMW7RJ8FP94,Crash Bandicoot™ 4: It’s About Time,0.0,,,"🎮 Microsoft StoreIt’s About Time - for a brand-wumping new Crash Bandicoot™ game! Crash fourward into a time shattered adventure with your favorite marsupials.

Neo Cortex and N. Tropy are back at it "
9N9GCWL14F1N,UnknownID_9N9GCWL14F1N,0.0,,,Опис недоступний / No description.
9P3ZRGNQVC7D,UnknownID_9P3ZRGNQVC7D,100.0,,,Опис недоступний / No description.
C5DZFZ6NC5SQ,Brütal Legend,74.0,,,"🎮 Microsoft StoreThe Games on Demand version supports English, French, Italian, German, Spanish.Brütal Legend is an action game from the mind of Tim Schafer. Eddie Riggs, a roadie chosen by the Rock G"
9N97RC576957,UnknownID_9N97RC576957,94.0,,,Опис недоступний / No description.
9PFTV8DKNCHX,UnknownID_9PFTV8DKNCHX,80.0,,,Опис недоступний / No description.
9PGMNX4HG2C7,UnknownID_9PGMNX4HG2C7,0.0,,,Опис недоступний / No description.
C4F7ZHLN6B2J,Ryse: Legendary Edition,98.0,,,"🎮 Microsoft StoreAmidst the chaos of the late Roman Empire, become soldier Marius Titus and embark on a perilous campaign to avenge the death of your family and defend the honor of Rome. In Gladiator "
9NPRV0R4CS1Z,UnknownID_9NPRV0R4CS1Z,74.0,,,Опис недоступний / No description.
9MVN4ND41DD3,UnknownID_9MVN4ND41DD3,0.0,,,Опис недоступний / No description.
9NLZH0VNVSKR,UnknownID_9NLZH0VNVSKR,0.0,,,Опис недоступний / No description.
9NDQ5PS0447L,UnknownID_9NDQ5PS0447L,0.0,,,Опис недоступний / No description.
9N0QFT016SGV,UnknownID_9N0QFT016SGV,0.0,,,Опис недоступний / No description.
9NF5S7MLM8XT,UnknownID_9NF5S7MLM8XT,92.0,,,Опис недоступний / No description.
9MX8R81JW1B5,UnknownID_9MX8R81JW1B5,0.0,,,Опис недоступний / No description.
9PFXKRLVWJ0B,UnknownID_9PFXKRLVWJ0B,0.0,,,Опис недоступний / No description.
9NG5L58FD3X5,UnknownID_9NG5L58FD3X5,96.0,,,Опис недоступний / No description.
9P8DL6W0JBB8,UnknownID_9P8DL6W0JBB8,92.0,,,Опис недоступний / No description.
9NHKL695M9F2,UnknownID_9NHKL695M9F2,76.0,,,Опис недоступний / No description.
9NKGNMNK3K3Z,UnknownID_9NKGNMNK3K3Z,58.0,,,Опис недоступний / No description.
BTNPS60N3114,Terraria,92.0,,,"🎮 Microsoft StoreThe world is at your fingertips as you fight for survival, explore for fortune, and dig for glory. Delve deep into cavernous expanses, test your mettle in combat, or construct your ow"
9PBM67RXX3V8,Little Nightmares II Enhanced Edition - Windows,20.0,,,"🎮 Microsoft StoreDive into an unsettling adventure that you'll never forget, now enhanced in mesmerizing 4K at uncapped FPS.

The Enhanced version visual upgrade includes Ray-traced reflections, impro"
9NBZ9JF6TFMD,UnknownID_9NBZ9JF6TFMD,36.0,,,Опис недоступний / No description.
9N9GTTGWZR90,UnknownID_9N9GTTGWZR90,94.0,,,Опис недоступний / No description.
9NP1LC5MX609,UnknownID_9NP1LC5MX609,0.0,,,Опис недоступний / No description.
C1SDBNRFXT1D,Gears of War 2,90.0,,,"🎮 Microsoft StoreThe Games on Demand version supports English, French, Italian, German, Spanish, Russian, Japanese, Korean, Chinese. Download the manual for this game by locating the game on http://ma"
9NNLBL0T2Z43,UnknownID_9NNLBL0T2Z43,94.0,,,Опис недоступний / No description.
9P8NSTDMZ11P,UnknownID_9P8NSTDMZ11P,90.0,,,Опис недоступний / No description.
BSZM480TSWGP,Dishonored 2,96.0,,,"🎮 Microsoft StoreReprise your role as a supernatural assassin in Dishonored 2.

Praised by IGN as “amazing” and “a superb sequel”, declared a “masterpiece” by Eurogamer, and hailed “a must-play reveng"
9PKWHT7G60WQ,UnknownID_9PKWHT7G60WQ,96.0,,,Опис недоступний / No description.
C2DQXX0CB42F,The Walking Dead: Season Two,100.0,,,"🎮 Microsoft StoreThe sequel to 2012's Game of the Year continues the story of Clementine, a young girl orphaned by the undead apocalypse. Left to fend for herself, she has been forced to learn how to "
9P45GGDTFNSM,UnknownID_9P45GGDTFNSM,90.0,,,Опис недоступний / No description.
9NF0RBL8SZL6,UnknownID_9NF0RBL8SZL6,100.0,,,Опис недоступний / No description.
9NHFVWX1V7QJ,UnknownID_9NHFVWX1V7QJ,90.0,,,Опис недоступний / No description.
9PLKVSWR299F,Forza Motorsport Standard Edition,64.0,,,🎮 Microsoft StoreCelebrate 20 Years of Forza Motorsport with the 20th Anniversary Update! Master 144 extreme turns on the legendary Fujimi Kaido track and prove your skills across 16.5 kilometers (10.
BRKMHZX1RCF2,Assassin's Creed IV Black Flag,88.0,,,🎮 Microsoft StoreIt is 1715. Pirates rule the Caribbean and have established a lawless Republic. Among these outlaws is a fearsome young captain named Edward Kenway. His exploits earn the respect of l
9NNKJNRKFT0G,UnknownID_9NNKJNRKFT0G,84.0,,,Опис недоступний / No description.
9N1WT4X26SHW,UnknownID_9N1WT4X26SHW,100.0,,,Опис недоступний / No description.
9NBLGGH5342P,UnknownID_9NBLGGH5342P,20.0,,,Опис недоступний / No description.
9NBLHDB0WLHZ,UnknownID_9NBLHDB0WLHZ,54.0,,,Опис недоступний / No description.
9P2VGCTBMM52,Microsoft Flight Simulator 2024 - Standard Edition,56.0,,,"🎮 Microsoft StoreВидання Standard
Досліджуйте світ на літаках з нашого найбільшого для видання Standard авіаційного парку та відчуйте, що таке симулятор нового рівня, обравши кар’єру пілота авіації у "
9NBZ7Z3JRXQ8,UnknownID_9NBZ7Z3JRXQ8,44.0,,,Опис недоступний / No description.
9NWS5S7ZGD9T,UnknownID_9NWS5S7ZGD9T,0.0,,,Опис недоступний / No description.
9P2HHT3VS7MP,UnknownID_9P2HHT3VS7MP,60.0,,,Опис недоступний / No description.
9N7271QN4SGB,UnknownID_9N7271QN4SGB,52.0,,,Опис недоступний / No description.
9NQ4M2DG11L0,UnknownID_9NQ4M2DG11L0,0.0,,,Опис недоступний / No description.
BXBJQ1932138,theHunter: Call of the Wild™,88.0,,,"🎮 Microsoft StoreDiscover an atmospheric hunting game like no other in this realistic, stunning open world – regularly updated in collaboration with the community. Immerse yourself in the single playe"
9NGZ1M3N98P2,UnknownID_9NGZ1M3N98P2,84.0,,,Опис недоступний / No description.
9MXWL7VJ2SJW,UnknownID_9MXWL7VJ2SJW,38.0,,,Опис недоступний / No description.
BRRC2BP0G9P0,Halo 5: Guardians,78.0,,,"🎮 Microsoft StoreHalo 5: Guardians delivers epic multiplayer experiences that span multiple modes, full-featured level building tools, and a new chapter in the Master Chief saga. And now with Xbox One"
9PDHWZ7X3P03,UnknownID_9PDHWZ7X3P03,62.0,,,Опис недоступний / No description.
BZPR04V49BMH,Mass Effect™: Andromeda,84.0,,,"🎮 Microsoft StoreMass Effect: Andromeda travels deep into the Andromeda Galaxy, far beyond the Milky Way. There, you will lead our fight for a new home in hostile territory where we are the aliens. Ta"
C4B8XR1LCXR5,Crimson Skies®: High Road to Revenge™,0.0,,,"🎮 Microsoft StoreAn Xbox 360 hard drive is required to use this item GAME-PLAY ALERT: The online multiplayer, leaderboards and voice features of this game are no longer supported. This game has been f"
C07KJZRH0L7S,Immortals Fenyx Rising™,60.0,,,"🎮 Microsoft StoreImmortals Fenyx Rising brings grand mythological adventure to life. 

Play as Fenyx, a new, winged demigod, on a quest to save the Greek gods. The fate of the world is at stake – you "
9P9CZK15QN0X,UnknownID_9P9CZK15QN0X,0.0,,,Опис недоступний / No description.
9N221ZTFGQB0,UnknownID_9N221ZTFGQB0,64.0,,,Опис недоступний / No description.
9N42CT1J5WGW,UnknownID_9N42CT1J5WGW,100.0,,,Опис недоступний / No description.
9NBLGGH1Z6FB,Ori and the Blind Forest: Definitive Edition,64.0,,,"🎮 Microsoft StoreOri and the Blind Forest is a must-play, award winning franchise that tells the tale of a young orphan destined for heroics, through a visually stunning Action-Platformer crafted by M"
9PC4RWP34M2D,UnknownID_9PC4RWP34M2D,84.0,,,Опис недоступний / No description.
9PK7TLLPD7GV,UnknownID_9PK7TLLPD7GV,0.0,,,Опис недоступний / No description.
BV83SM3191S5,Kameo,0.0,,,"🎮 Microsoft StoreThe Games on Demand version supports English, French, Italian, German, Spanish, Japanese, Korean and Chinese. Download the manual for this game by locating the game on http://marketpl"
9P1RPXHWZ1C7,Riders Republic™,78.0,,,"🎮 Microsoft StoreJump into the Riders Republic™ massive multiplayer playground! Grab your bike, skis, snowboard, or wingsuit and explore an open world sports paradise where the rules are yours to make"
9PLF73SS7M6J,Rabbids®: Party of Legends,74.0,,,"🎮 Microsoft StoreEmbark on a legendary journey with the Rabbids in this hilarious party game! Join them on an incredible quest, filled with hilarious moments! Gather with friends and family and enjoy "
BRZZLBF5T245,Need for Speed™ Heat,66.0,,,"🎮 Microsoft StoreHustle by day and risk it all at night in Need for Speed™ Heat, a thrilling race experience that pits you against a city’s rogue police force as you battle your way into street racing"
9P2JXK37PFLZ,UnknownID_9P2JXK37PFLZ,80.0,,,Опис недоступний / No description.
9NXQKPGMHH9G,UnknownID_9NXQKPGMHH9G,0.0,,,Опис недоступний / No description.
C5F2XDQPPJKZ,Dishonored®: Death of the Outsider™,100.0,,,"🎮 Microsoft StoreTake on the role of Billie Lurk (aka Megan Foster), once one of Dunwall's most notorious killers-for-hire. Reunited with your old mentor, the legendary assassin Daud, you undertake th"
BRGPD72KHM3Q,Tom Clancy's The Division,80.0,,,🎮 Microsoft StoreTom Clancy’s The Division is a revolutionary next-gen experience that brings the RPG into a modern military setting for the first time. In the wake of a devastating pandemic that swee
9NBLGGH1Z6FQ,ReCore,84.0,,,"🎮 Microsoft StoreFrom legendary creator Keiji Inafune and the makers of Metroid Prime comes the “ReCore Definitive Edition”, an action-adventure masterfully crafted for a new generation.
 
You are “Jo"
BWMH951M3G3P,RESIDENT EVIL 2,84.0,,,"🎮 Microsoft StoreA deadly virus engulfs the residents of Raccoon City in September of 1998, plunging the city into chaos as flesh eating zombies roam the streets for survivors.

An unparalleled adrena"
9PHGQPRBBSXK,UnknownID_9PHGQPRBBSXK,74.0,,,Опис недоступний / No description.
9NQVDQS2BC10,UnknownID_9NQVDQS2BC10,0.0,,,Опис недоступний / No description.
9NKV34XDW014,UnknownID_9NKV34XDW014,90.0,,,Опис недоступний / No description.
9MXHL3TT792F,UnknownID_9MXHL3TT792F,72.0,,,Опис недоступний / No description.
9PNPFBPLGCMW,UnknownID_9PNPFBPLGCMW,20.0,,,Опис недоступний / No description.
9P46M5JQ2PTF,UnknownID_9P46M5JQ2PTF,92.0,,,Опис недоступний / No description.
9N3F9256SF8K,UnknownID_9N3F9256SF8K,0.0,,,Опис недоступний / No description.
BTDRTXBKDBRR,Risk: Urban Assault,20.0,,,"🎮 Microsoft StoreLead your troops to victory with Risk Urban Assault! In a post-apocalyptic world, rally your armies and march across some of the most famous cities around the globe. From Shanghai to "
BZGJRJC1FGF3,UnknownID_BZGJRJC1FGF3,92.0,,,Опис недоступний / No description.
9PN0LC4CNLPT,UnknownID_9PN0LC4CNLPT,82.0,,,Опис недоступний / No description.
C3QH42WRGM3R,DOOM,90.0,,,"🎮 Microsoft StoreNow includes all three premium DLC packs (Unto the Evil, Hell Followed, and Bloodfall), maps, modes, and weapons, as well as all feature updates including Arcade Mode, Photo Mode, and"
9N8NJ74FZTG9,UnknownID_9N8NJ74FZTG9,80.0,,,Опис недоступний / No description.
9PDH7X3J5CZT,UnknownID_9PDH7X3J5CZT,98.0,,,Опис недоступний / No description.
C4G76555T4QN,Dragon Age™ 2,80.0,,,🎮 Microsoft StoreExperience the epic sequel to the 2009 Game of the Year from the critically acclaimed makers of Dragon Age: Origins and Mass Effect 2. You are one of the few who escaped the destructi
9NMNZ4CK59DM,UnknownID_9NMNZ4CK59DM,42.0,,,Опис недоступний / No description.
9N8FQ28Z6QX3,UnknownID_9N8FQ28Z6QX3,88.0,,,Опис недоступний / No description.
9NNPSTWT06VM,UnknownID_9NNPSTWT06VM,48.0,,,Опис недоступний / No description.
9NCNBWZSHZR5,UnknownID_9NCNBWZSHZR5,80.0,,,Опис недоступний / No description.
9PCX1R3DMMWH,NHL® 24 Xbox Series X|S,0.0,,,"🎮 Microsoft StoreEA SPORTS™ NHL® 24’s all-new gameplay features bring authentic on-ice action to life. Experience the rush and fatigue of a high-pressure game with the Exhaust Engine, where sustained "
9N7CJX93ZGWN,UnknownID_9N7CJX93ZGWN,60.0,,,Опис недоступний / No description.
BW9TWC8L4JCS,UnknownID_BW9TWC8L4JCS,82.0,,,Опис недоступний / No description.
9NKFS43DLFFL,UnknownID_9NKFS43DLFFL,80.0,,,Опис недоступний / No description.
9NP9J3T0JWRL,UnknownID_9NP9J3T0JWRL,60.0,,,Опис недоступний / No description.
9PJ1PLJQ7QPN,UnknownID_9PJ1PLJQ7QPN,0.0,,,Опис недоступний / No description.
